date (dd-mm-yyyy),num_1,num_2,num_3,num_4,num_5,star_1,star_2,jackpot (in EUR)
13-02-2004,16,29,32,36,41,7,9,15000000
20-02-2004,7,13,39,47,50,2,5,15000000
27-02-2004,14,18,19,31,37,4,5,17750473
05-03-2004,4,7,33,37,39,1,5,20678070
12-03-2004,15,24,28,44,47,4,5,15000000
19-03-2004,33,36,37,42,45,4,9,17411777
26-03-2004,3,4,10,23,43,2,4,20147534
02-04-2004,4,12,24,27,36,2,9,22930640
09-04-2004,1,4,10,19,23,2,8,25556285
16-04-2004,14,15,28,35,40,1,3,15011353
23-04-2004,6,10,21,45,49,3,5,20000000
30-04-2004,5,6,16,23,27,6,7,25007266
07-05-2004,15,16,21,36,38,1,5,29999234
14-05-2004,1,3,21,32,39,2,6,33816137
21-05-2004,15,29,37,39,49,4,9,10000000
28-05-2004,6,11,35,41,44,5,6,10000000
04-06-2004,9,13,34,41,42,3,7,12488171
11-06-2004,2,7,8,10,47,1,7,10000000
18-06-2004,2,23,28,40,43,2,6,12286876
25-06-2004,3,21,30,34,35,1,2,10000000
02-07-2004,4,23,24,28,34,1,3,12215040
09-07-2004,2,5,12,19,44,8,9,14571040
16-07-2004,24,26,31,38,50,5,8,16962299
23-07-2004,7,10,27,31,34,3,8,19342755
30-07-2004,9,10,19,37,50,1,6,22082923
06-08-2004,5,15,24,35,44,5,6,24746858
13-08-2004,20,27,41,43,50,5,8,10000000
20-08-2004,6,9,10,27,35,6,8,12317818
27-08-2004,1,11,22,28,44,1,9,14709804
03-09-2004,8,12,14,15,34,6,7,17305121
10-09-2004,5,25,33,36,38,2,5,20061218
17-09-2004,15,18,29,39,41,5,8,23039325
24-09-2004,21,26,27,44,48,1,7,26260777
01-10-2004,12,20,21,45,48,5,6,29785269
08-10-2004,1,10,12,16,48,2,6,10000000
15-10-2004,14,21,22,37,43,5,8,17276072
22-10-2004,1,9,23,25,40,3,9,25059130
29-10-2004,1,8,32,35,38,4,9,10000000
05-11-2004,6,19,25,42,49,1,7,17253134
12-11-2004,4,11,12,13,32,3,9,24828113
19-11-2004,1,18,29,34,37,2,6,33437557
26-11-2004,1,4,24,34,36,6,8,43756502
03-12-2004,1,11,15,42,49,3,4,10000000
10-12-2004,1,3,13,16,43,2,7,17892320
17-12-2004,15,19,22,46,49,2,9,26215627
24-12-2004,3,4,27,29,37,5,6,10000000
31-12-2004,7,8,24,25,47,8,9,10000000
07-01-2005,3,23,27,47,50,2,3,17730870
14-01-2005,6,11,14,19,29,1,3,26007362
21-01-2005,10,12,14,24,26,5,8,10000000
28-01-2005,7,21,26,43,45,5,7,17700365
04-02-2005,1,8,11,30,40,7,8,25868030
11-02-2005,11,13,25,32,50,4,7,34776948
18-02-2005,20,21,26,32,46,8,9,10000000
25-02-2005,3,27,30,43,44,4,8,10000000
04-03-2005,12,24,32,37,39,7,9,17882839
11-03-2005,8,12,23,40,43,1,4,26371829
18-03-2005,6,23,39,43,48,5,7,35429502
25-03-2005,4,29,33,37,38,6,9,45218910
01-04-2005,25,26,41,44,47,3,7,53793484
08-04-2005,7,11,25,31,50,1,3,64040749
15-04-2005,6,28,31,38,42,3,9,15000000
22-04-2005,3,10,13,24,47,5,9,23749558
29-04-2005,3,9,35,39,42,1,8,15000000
06-05-2005,7,12,21,26,44,6,8,23445886
13-05-2005,12,17,31,32,40,2,9,33145554
20-05-2005,6,7,13,28,47,5,8,43020745
27-05-2005,2,24,31,48,50,4,9,15000000
03-06-2005,3,8,11,17,50,1,5,23507298
10-06-2005,6,7,32,37,47,1,7,32391354
17-06-2005,4,8,10,18,21,1,7,41857660
24-06-2005,6,8,14,15,45,7,8,51872294
01-07-2005,4,5,23,25,28,3,4,60359278
08-07-2005,35,36,42,46,49,2,8,70600239
15-07-2005,1,11,12,23,42,3,6,82972942
22-07-2005,3,14,41,48,49,1,4,97582726
29-07-2005,3,19,26,49,50,4,5,115436126
05-08-2005,2,11,21,22,30,4,6,15000000
12-08-2005,15,23,30,37,40,7,9,25184643
19-08-2005,11,24,29,31,41,1,3,35412950
26-08-2005,9,29,35,40,41,1,6,46170680
02-09-2005,3,4,14,43,50,3,6,57539078
09-09-2005,8,12,19,31,50,6,7,66468466
16-09-2005,12,13,19,21,38,3,9,75888514
23-09-2005,1,26,31,34,47,4,9,15000000
30-09-2005,6,11,47,48,50,1,6,25066380
07-10-2005,2,13,21,26,44,3,9,15000000
14-10-2005,10,11,19,20,23,1,6,15000000
21-10-2005,1,14,19,29,33,1,8,15000000
28-10-2005,14,36,44,47,50,3,5,24563824
04-11-2005,26,36,37,38,42,2,6,34611593
11-11-2005,15,16,36,41,42,3,5,45117030
18-11-2005,17,18,25,34,48,2,3,15000000
25-11-2005,1,6,27,39,47,1,6,24557717
02-12-2005,1,9,20,23,30,4,7,34551861
09-12-2005,11,18,35,38,42,1,5,45082261
16-12-2005,2,3,15,18,32,6,7,56331937
23-12-2005,15,31,36,37,42,1,7,66205360
30-12-2005,8,16,19,43,45,1,4,77307934
06-01-2006,2,6,9,14,26,4,5,89502969
13-01-2006,8,12,19,33,34,1,6,107489015
20-01-2006,12,15,33,44,50,2,6,127461405
27-01-2006,9,15,21,40,49,1,4,152882223
03-02-2006,9,21,30,39,50,1,3,61191026
10-02-2006,5,6,38,48,50,6,7,15000000
17-02-2006,4,23,24,26,38,2,4,27813382
24-02-2006,1,11,18,19,47,3,7,15000000
03-03-2006,3,5,8,10,44,3,5,26842720
10-03-2006,1,21,33,45,49,4,8,39080313
17-03-2006,5,32,44,45,50,1,7,51865203
24-03-2006,17,28,33,35,47,4,9,65117842
31-03-2006,3,20,31,45,50,6,7,75753123
07-04-2006,12,13,29,44,50,4,5,15000000
14-04-2006,16,26,34,35,49,2,6,25915863
21-04-2006,1,20,22,37,46,1,9,15000000
28-04-2006,5,10,17,22,33,5,7,25811932
05-05-2006,4,8,14,16,50,3,9,15000000
12-05-2006,5,20,23,34,50,1,5,25640376
19-05-2006,3,5,25,34,49,5,8,15000000
26-05-2006,2,12,21,41,49,3,7,15000000
02-06-2006,7,8,27,41,48,1,6,15000000
09-06-2006,3,12,15,34,39,4,6,25187106
16-06-2006,1,16,26,30,36,3,9,35662151
23-06-2006,9,21,30,43,44,1,9,46811686
30-06-2006,6,15,16,40,43,1,2,58765947
07-07-2006,7,9,18,35,43,5,7,68408266
14-07-2006,1,7,17,31,36,2,8,15000000
21-07-2006,2,4,9,38,50,6,8,25042525
28-07-2006,3,8,12,29,43,6,7,15000000
04-08-2006,1,14,15,26,32,3,7,24977576
11-08-2006,27,28,31,46,47,2,5,35197614
18-08-2006,12,37,39,40,50,1,2,45929071
25-08-2006,10,28,40,47,48,6,8,57414511
01-09-2006,3,7,25,45,50,6,9,15000000
08-09-2006,1,10,12,32,33,1,8,25256582
15-09-2006,6,10,16,26,49,7,9,35980458
22-09-2006,10,29,30,45,49,3,8,47213250
29-09-2006,1,3,6,18,24,5,8,59132969
06-10-2006,5,11,22,35,38,7,8,69208821
13-10-2006,2,25,32,38,41,3,5,82724344
20-10-2006,10,19,34,45,47,3,6,96837646
27-10-2006,3,4,8,44,50,7,8,113230830
03-11-2006,11,13,24,44,49,3,9,131523149
10-11-2006,14,21,27,30,36,2,3,153564446
17-11-2006,12,22,32,33,36,2,6,183109057
24-11-2006,5,8,17,25,40,1,5,15000000
01-12-2006,4,8,16,37,41,2,5,15000000
08-12-2006,16,17,18,36,47,1,2,26982938
15-12-2006,9,23,35,37,42,3,7,39640846
22-12-2006,9,11,20,38,43,2,3,53119776
29-12-2006,6,9,13,14,35,3,4,66983487
05-01-2007,17,19,29,36,45,5,6,78312156
12-01-2007,8,11,14,19,25,3,5,15000000
19-01-2007,5,13,27,33,42,2,4,15000000
26-01-2007,11,15,23,30,38,4,9,15000000
02-02-2007,14,23,27,30,36,1,6,27173863
09-02-2007,14,16,30,36,46,2,8,100000000
16-02-2007,8,19,20,39,50,6,9,15000000
23-02-2007,2,15,18,20,22,2,5,28224029
02-03-2007,3,16,34,38,48,5,8,42201702
09-03-2007,2,3,25,43,48,6,9,15000000
16-03-2007,4,14,31,45,49,4,9,27699320
23-03-2007,5,13,17,40,43,1,3,41023864
30-03-2007,9,17,19,41,46,1,8,15000000
06-04-2007,15,23,29,41,48,3,6,26945909
13-04-2007,7,20,25,38,41,3,7,15000000
20-04-2007,23,26,32,41,45,3,7,15000000
27-04-2007,7,18,27,36,44,1,2,26851564
04-05-2007,6,17,35,41,45,1,5,39605256
11-05-2007,7,12,26,29,49,2,6,53347665
18-05-2007,26,34,37,39,49,2,6,15000000
25-05-2007,25,26,29,49,50,7,8,15000000
01-06-2007,6,22,37,41,42,6,9,15000000
08-06-2007,1,15,17,25,45,2,8,15000000
15-06-2007,5,7,14,21,40,3,8,26938896
22-06-2007,11,16,17,22,34,5,6,15000000
29-06-2007,8,12,28,33,45,1,3,26816658
06-07-2007,4,5,19,39,41,8,9,39898280
13-07-2007,9,13,15,31,48,3,6,56945074
20-07-2007,10,21,25,26,50,4,9,15000000
27-07-2007,1,4,21,29,41,7,8,26731340
03-08-2007,10,30,33,37,41,1,8,39185012
10-08-2007,23,40,42,43,49,2,6,52630236
17-08-2007,2,3,13,38,42,7,8,15000000
24-08-2007,1,3,16,42,48,2,3,26677818
31-08-2007,6,18,22,23,37,5,6,39496528
07-09-2007,2,3,33,34,42,3,5,15000000
14-09-2007,5,9,11,29,33,7,9,15000000
21-09-2007,1,17,32,35,37,1,8,27247062
28-09-2007,22,30,34,35,44,4,5,130000000
05-10-2007,11,20,27,35,44,2,5,15000000
12-10-2007,21,32,36,46,47,3,4,15000000
19-10-2007,7,18,34,35,40,7,8,15000000
26-10-2007,7,20,38,40,43,1,8,27610682
02-11-2007,3,16,18,19,40,1,2,41136124
09-11-2007,5,14,22,25,36,5,6,15000000
16-11-2007,9,18,23,33,37,1,8,15000000
23-11-2007,2,10,22,29,48,3,9,27375964
30-11-2007,12,19,20,30,38,7,9,15000000
07-12-2007,2,4,32,43,48,1,7,27552424
14-12-2007,8,25,30,36,44,3,4,15000000
21-12-2007,7,9,28,37,44,6,7,27716872
28-12-2007,20,21,22,31,45,7,9,15000000
04-01-2008,10,12,24,25,41,3,5,26917709
11-01-2008,8,24,36,49,50,4,8,40754254
18-01-2008,14,16,23,40,46,4,8,57437748
25-01-2008,2,6,9,19,45,7,8,76611580
01-02-2008,22,30,45,47,49,4,9,15000000
08-02-2008,17,28,30,38,44,1,4,130000000
15-02-2008,12,27,29,45,46,4,7,15000000
22-02-2008,4,27,32,46,50,8,9,28912566
29-02-2008,12,37,40,47,49,2,9,15000000
07-03-2008,2,7,14,17,35,1,6,15000000
14-03-2008,13,21,25,35,48,4,8,28239959
21-03-2008,2,10,18,22,36,4,6,15000000
28-03-2008,5,9,17,29,39,3,6,15000000
04-04-2008,11,13,18,37,47,1,6,28004693
11-04-2008,6,25,30,45,50,5,7,42346692
18-04-2008,3,6,7,27,50,5,9,58367681
25-04-2008,4,19,26,27,30,3,8,15000000
02-05-2008,2,26,37,45,48,4,8,27290983
09-05-2008,8,9,40,42,45,6,7,40624868
16-05-2008,6,9,15,25,38,4,9,55609411
23-05-2008,5,9,19,21,38,1,7,15000000
30-05-2008,5,7,14,20,49,2,8,15000000
06-06-2008,7,19,21,40,50,2,9,15000000
13-06-2008,13,16,37,44,50,1,9,29947068
20-06-2008,8,11,36,37,45,3,5,43334863
27-06-2008,5,20,26,44,50,5,7,58278337
04-07-2008,7,19,22,27,48,5,7,15000000
11-07-2008,9,11,13,19,37,3,4,15000000
18-07-2008,10,14,16,29,44,5,6,15000000
25-07-2008,7,11,15,24,29,2,7,15000000
01-08-2008,1,22,25,40,50,1,8,27010081
08-08-2008,4,5,15,16,45,4,7,40358795
15-08-2008,11,17,18,26,31,5,6,54127606
22-08-2008,7,27,29,39,50,5,7,70754953
29-08-2008,2,20,25,37,39,5,8,91223351
05-09-2008,7,12,16,17,39,3,8,119349706
12-09-2008,19,23,33,37,50,3,7,15000000
19-09-2008,14,16,19,20,31,6,9,15000000
26-09-2008,14,29,31,33,37,1,2,130000000
03-10-2008,4,13,19,23,38,2,3,15000000
10-10-2008,4,15,22,31,41,1,6,29068081
17-10-2008,3,10,12,42,50,1,5,15000000
24-10-2008,7,15,16,17,45,6,9,28282481
31-10-2008,3,18,25,34,41,2,5,42831306
07-11-2008,1,9,12,17,18,3,4,15000000
14-11-2008,8,10,14,21,26,3,4,15000000
21-11-2008,9,14,21,49,50,3,8,15000000
28-11-2008,8,11,16,25,41,2,4,28044446
05-12-2008,4,8,21,35,45,5,8,15000000
12-12-2008,2,19,28,42,49,2,7,15000000
19-12-2008,28,29,40,46,50,5,7,15000000
26-12-2008,1,2,26,44,50,1,7,26758047
02-01-2009,29,30,36,37,48,1,6,40425333
09-01-2009,7,15,22,28,48,1,4,57199762
16-01-2009,3,17,22,49,50,3,6,15000000
23-01-2009,32,33,36,40,49,2,8,15000000
30-01-2009,4,29,34,35,46,5,8,28407448
06-02-2009,10,20,30,36,40,3,5,15000000
13-02-2009,22,33,36,40,42,1,2,15000000
20-02-2009,9,12,13,14,48,1,2,28117227
27-02-2009,5,9,37,44,45,6,9,43037732
06-03-2009,13,17,19,25,35,5,6,100000000
13-03-2009,12,24,26,36,42,1,4,16009560
20-03-2009,12,16,23,31,35,4,6,29717504
27-03-2009,25,33,36,38,42,6,7,15000000
03-04-2009,2,20,24,32,46,1,9,28308420
10-04-2009,9,14,16,37,46,2,4,42292285
17-04-2009,4,7,21,44,47,1,5,58530802
24-04-2009,4,14,21,24,41,5,8,77000542
01-05-2009,5,19,31,38,47,3,5,98731550
08-05-2009,4,23,24,29,31,8,9,126231764
15-05-2009,8,18,19,20,42,5,9,15000000
22-05-2009,4,13,14,33,43,1,6,15000000
29-05-2009,2,5,30,37,47,3,6,28394418
05-06-2009,11,19,26,35,40,2,5,42859330
12-06-2009,6,14,16,34,50,4,6,58861216
19-06-2009,4,16,17,20,29,5,7,15000000
26-06-2009,6,11,21,30,39,2,8,15000000
03-07-2009,21,29,34,46,47,6,8,28040956
10-07-2009,6,16,20,42,46,1,6,42207029
17-07-2009,2,8,17,32,50,3,7,57528118
24-07-2009,14,15,25,35,47,5,9,15000000
31-07-2009,5,9,20,21,26,3,6,28001223
07-08-2009,10,20,22,24,31,2,7,41938302
14-08-2009,5,8,24,30,49,3,9,57349944
21-08-2009,4,7,16,31,42,3,5,75140660
28-08-2009,8,36,37,41,49,5,7,15000000
04-09-2009,6,9,20,38,39,3,9,28509295
11-09-2009,12,15,35,42,43,4,6,43176231
18-09-2009,6,16,30,38,41,2,4,100000000
25-09-2009,6,17,18,21,34,3,9,15000000
02-10-2009,22,23,24,29,44,1,5,15000000
09-10-2009,7,11,29,46,50,4,7,29041467
16-10-2009,12,23,30,31,47,3,4,44254660
23-10-2009,6,18,20,29,31,2,8,60674297
30-10-2009,9,33,35,38,40,2,6,79524886
06-11-2009,11,19,34,43,45,5,9,102199676
13-11-2009,13,15,25,26,32,3,4,16569317
20-11-2009,5,9,28,43,47,2,9,15000000
27-11-2009,5,8,13,15,33,8,9,15000000
04-12-2009,18,19,25,30,44,1,3,29071578
11-12-2009,20,41,43,44,46,2,9,43818510
18-12-2009,14,30,32,35,49,3,8,59459744
25-12-2009,4,5,14,17,34,3,5,15000000
01-01-2010,9,22,24,27,36,5,7,28412329
08-01-2010,4,5,14,44,46,8,9,42944229
15-01-2010,11,26,29,49,50,4,7,59407370
22-01-2010,4,22,27,36,44,7,9,15000000
29-01-2010,9,17,30,39,43,5,7,29242656
05-02-2010,34,35,38,39,46,3,4,100000000
12-02-2010,1,5,18,38,45,4,6,129618406
19-02-2010,12,31,37,38,43,2,3,15000000
26-02-2010,7,11,18,29,42,6,7,30133000
05-03-2010,12,18,19,43,49,3,9,46258004
12-03-2010,1,26,33,36,46,6,7,15000000
19-03-2010,10,28,30,38,39,2,7,29152590
26-03-2010,8,16,18,37,43,2,6,44378839
02-04-2010,12,18,24,26,45,4,5,15000000
09-04-2010,7,21,23,24,44,3,4,15000000
16-04-2010,9,11,17,26,40,3,9,28888274
23-04-2010,3,7,8,43,46,6,8,43702393
30-04-2010,6,22,24,25,36,3,8,60297781
07-05-2010,3,6,15,21,32,7,9,78821704
14-05-2010,1,17,31,43,47,2,3,100037101
21-05-2010,7,19,30,38,50,4,7,15000000
28-05-2010,4,9,31,32,33,3,7,15000000
04-06-2010,4,17,34,40,42,4,9,15000000
11-06-2010,2,22,24,36,44,1,2,15000000
18-06-2010,2,29,31,32,38,1,4,15000000
25-06-2010,1,8,18,28,31,8,9,27989077
02-07-2010,12,13,36,41,46,1,8,15000000
09-07-2010,9,24,37,39,49,3,9,28051827
16-07-2010,38,39,45,46,49,7,8,42318533
23-07-2010,4,13,35,37,46,3,9,15000000
30-07-2010,3,4,11,28,39,2,8,28092206
06-08-2010,13,25,28,29,42,4,5,15000000
13-08-2010,4,9,15,21,47,2,7,15000000
20-08-2010,5,27,31,40,42,1,6,15000000
27-08-2010,1,6,13,30,49,1,9,15000000
03-09-2010,13,24,26,47,49,4,8,15000000
10-09-2010,17,21,35,41,45,1,5,15000000
17-09-2010,17,27,29,38,50,1,3,15000000
24-09-2010,1,4,16,40,48,1,9,28674646
01-10-2010,1,4,6,27,48,1,6,100000000
08-10-2010,9,30,35,39,46,6,8,129818431
15-10-2010,2,31,36,38,43,3,7,15000000
22-10-2010,4,5,9,11,39,3,5,29421180
29-10-2010,16,20,22,32,42,8,9,15000000
05-11-2010,21,23,33,40,50,4,5,29087861
12-11-2010,7,19,23,29,47,1,6,16141033
19-11-2010,12,15,32,36,45,7,9,30223423
26-11-2010,9,28,36,41,49,5,7,45322973
03-12-2010,8,19,28,32,46,4,7,15000000
10-12-2010,2,3,10,33,46,7,8,28707820
17-12-2010,3,20,29,35,42,3,8,43677118
24-12-2010,19,36,38,42,46,2,8,19106756
31-12-2010,2,24,34,38,43,1,7,15338239
07-01-2011,1,22,32,48,50,6,7,15000000
14-01-2011,2,14,24,39,44,6,7,15000000
21-01-2011,3,11,13,18,21,4,5,29004252
28-01-2011,13,23,24,41,42,1,5,15000000
04-02-2011,2,11,24,35,47,5,9,28947728
11-02-2011,12,14,15,19,23,7,8,15000000
18-02-2011,2,3,15,45,49,5,9,28569173
25-02-2011,12,13,42,45,48,3,9,44068143
04-03-2011,11,25,27,28,41,5,8,61901147
11-03-2011,17,19,24,37,46,2,7,82769625
18-03-2011,1,13,20,26,50,6,7,107470965
25-03-2011,6,12,21,27,33,3,7,138210534
01-04-2011,4,17,21,22,33,4,8,15000000
08-04-2011,21,23,38,47,50,2,6,15000000
15-04-2011,4,6,21,39,41,2,6,29316255
22-04-2011,11,22,36,45,48,1,4,43415570
29-04-2011,15,25,38,40,41,1,2,15000000
06-05-2011,11,16,20,22,28,4,9,28772008
10-05-2011,3,10,15,28,45,5,7,100000000
13-05-2011,9,11,17,36,47,1,2,121019633
17-05-2011,20,21,37,45,46,2,3,15000000
20-05-2011,10,14,20,25,42,8,11,27642654
24-05-2011,16,23,24,26,29,2,9,15000000
27-05-2011,9,17,25,28,49,8,9,27342236
31-05-2011,1,9,10,22,50,5,11,33899735
03-06-2011,4,39,40,49,50,2,5,46382250
07-06-2011,6,25,36,38,40,4,10,54804889
10-06-2011,3,19,20,37,48,8,11,68829140
14-06-2011,5,12,19,41,48,8,10,77116729
17-06-2011,11,16,21,22,44,3,8,92688906
21-06-2011,17,20,35,49,50,3,4,103328213
24-06-2011,5,16,20,30,41,6,11,120909819
28-06-2011,15,16,30,44,50,2,3,134366394
01-07-2011,8,11,23,31,46,8,9,156881528
05-07-2011,11,28,29,47,49,1,5,176718802
08-07-2011,12,13,23,40,49,7,10,185000000
12-07-2011,17,19,38,42,45,9,10,185000000
15-07-2011,6,26,33,34,39,3,4,15000000
19-07-2011,3,16,25,26,35,5,9,23148546
22-07-2011,4,15,23,49,50,2,6,15000000
26-07-2011,1,5,22,25,48,3,11,15000000
29-07-2011,12,19,27,37,38,5,10,27315669
02-08-2011,5,8,14,24,33,3,8,15000000
05-08-2011,13,14,18,32,34,1,10,26847221
09-08-2011,7,23,24,34,36,8,11,34158167
12-08-2011,7,10,20,27,37,4,7,46432976
16-08-2011,1,13,17,18,45,3,8,53726355
19-08-2011,6,14,16,28,31,2,11,66489769
23-08-2011,4,6,14,42,50,2,4,74844026
26-08-2011,12,22,25,33,45,5,7,89057636
30-08-2011,2,8,10,19,46,5,9,98519379
02-09-2011,12,26,37,38,44,4,7,115692111
06-09-2011,35,42,47,48,50,8,9,127472057
09-09-2011,5,21,28,31,34,1,2,147365853
13-09-2011,9,28,30,32,49,9,10,162256622
16-09-2011,2,8,17,39,42,3,10,15000000
20-09-2011,9,19,25,36,38,7,11,15000000
23-09-2011,6,14,33,34,48,2,6,27447713
27-09-2011,18,27,28,35,40,3,5,35496317
30-09-2011,5,15,28,31,44,1,6,48578058
04-10-2011,14,16,23,38,45,8,11,100000000
07-10-2011,18,26,34,38,42,5,8,117705979
11-10-2011,1,4,12,16,48,9,10,15000000
14-10-2011,12,23,29,32,47,3,5,27483911
18-10-2011,18,23,37,46,48,2,10,35273362
21-10-2011,2,19,33,37,46,5,8,47998650
25-10-2011,12,22,27,28,39,4,10,15000000
28-10-2011,16,17,20,39,50,4,8,26983680
01-11-2011,14,20,23,45,46,1,11,33703338
04-11-2011,11,14,41,43,50,2,9,46270559
08-11-2011,1,4,15,29,40,1,5,54417324
11-11-2011,1,4,18,23,30,3,7,67939184
15-11-2011,6,17,22,45,47,3,11,15000000
18-11-2011,4,12,24,39,44,2,4,15000000
22-11-2011,16,18,24,38,40,2,4,21897137
25-11-2011,14,19,26,28,34,5,8,35062896
29-11-2011,11,25,41,45,50,2,7,15000000
02-12-2011,7,27,30,40,43,8,9,27094320
06-12-2011,19,20,21,34,38,3,9,15000000
09-12-2011,12,21,29,44,47,1,2,26824531
13-12-2011,7,12,18,33,37,1,11,34268471
16-12-2011,2,5,10,23,31,2,5,46576447
20-12-2011,1,9,12,14,48,1,7,15000000
23-12-2011,7,21,22,24,28,1,11,30860915
27-12-2011,19,21,25,26,44,3,7,38129374
30-12-2011,16,36,43,44,50,7,8,51792388
03-01-2012,3,30,42,45,49,5,10,59857417
06-01-2012,1,6,10,12,31,2,7,73113564
10-01-2012,4,9,10,30,40,2,9,15000000
13-01-2012,13,14,21,27,39,6,8,29204007
17-01-2012,12,22,30,31,44,5,6,36496416
20-01-2012,2,10,22,27,28,6,8,48895464
24-01-2012,1,2,6,20,36,8,11,15000000
27-01-2012,10,13,19,39,44,2,6,26630721
31-01-2012,9,34,38,43,45,2,4,33767650
03-02-2012,16,19,20,25,28,1,10,46106653
07-02-2012,3,15,17,28,33,2,4,54252968
10-02-2012,3,8,14,31,41,7,11,15000000
14-02-2012,14,27,36,42,46,8,11,22361166
17-02-2012,4,11,28,38,47,10,11,34279343
21-02-2012,11,14,24,25,29,7,11,41851240
24-02-2012,3,7,12,26,34,8,10,54897476
28-02-2012,1,10,17,33,48,2,3,15000000
02-03-2012,5,6,11,30,44,2,6,26670951
06-03-2012,23,24,27,37,47,2,6,15000000
09-03-2012,3,32,36,39,47,6,9,26508061
13-03-2012,1,10,25,43,47,8,9,33798147
16-03-2012,3,4,12,23,50,4,7,45758710
20-03-2012,15,16,28,30,46,3,4,15000000
23-03-2012,9,15,23,31,50,8,11,26096499
27-03-2012,24,27,29,34,36,7,8,15000000
30-03-2012,4,17,23,36,46,6,10,15000000
03-04-2012,1,8,18,25,30,9,10,21716352
06-04-2012,11,20,30,35,45,2,3,32751944
10-04-2012,22,25,27,36,37,5,9,39523670
13-04-2012,8,13,26,39,43,3,5,53763217
17-04-2012,10,28,33,48,49,1,10,15000000
20-04-2012,3,6,29,32,41,10,11,26031384
24-04-2012,8,9,24,43,48,3,5,32867376
27-04-2012,20,27,30,36,43,1,6,44407281
01-05-2012,4,5,15,19,41,9,11,15000000
04-05-2012,3,26,39,40,41,1,2,25968725
08-05-2012,3,21,34,38,48,5,8,32541206
11-05-2012,1,13,17,38,44,2,11,44093378
15-05-2012,2,11,13,26,50,2,5,51753790
18-05-2012,13,29,43,47,50,9,11,65687547
22-05-2012,16,31,32,37,41,1,7,74848794
25-05-2012,12,22,35,46,49,2,8,89779597
29-05-2012,8,15,17,25,28,3,11,101071615
01-06-2012,2,4,14,26,36,9,10,120024029
05-06-2012,13,34,37,47,49,8,9,134974395
08-06-2012,5,11,22,34,40,9,11,158052844
12-06-2012,8,15,26,30,48,9,10,15000000
15-06-2012,10,22,27,38,48,3,7,26828456
19-06-2012,7,17,20,35,50,5,11,15000000
22-06-2012,14,18,19,43,49,3,7,15000000
26-06-2012,1,11,20,22,35,8,10,21896089
29-06-2012,14,17,28,29,39,1,11,33263796
03-07-2012,2,7,22,27,40,3,6,40811640
06-07-2012,31,32,38,40,42,1,3,53006942
10-07-2012,1,3,16,24,37,1,8,61268725
13-07-2012,8,18,25,35,46,4,9,76630917
17-07-2012,2,7,24,43,46,8,10,85954935
20-07-2012,10,19,23,45,49,9,10,101392999
24-07-2012,4,16,18,25,44,1,11,112218632
27-07-2012,14,15,21,23,48,2,10,141583959
31-07-2012,4,29,35,36,39,8,9,156962440
03-08-2012,24,34,35,42,46,1,5,180011715
07-08-2012,20,27,34,46,50,2,3,190000000
10-08-2012,11,17,21,48,50,9,10,190000000
14-08-2012,1,16,38,42,45,9,10,15000000
17-08-2012,19,25,28,33,44,2,8,26921509
21-08-2012,4,5,17,38,48,3,4,34941089
24-08-2012,5,6,12,19,37,3,7,47570390
28-08-2012,1,18,25,26,44,4,5,15000000
31-08-2012,16,28,31,33,48,7,11,26982209
04-09-2012,11,17,18,39,44,5,10,34855964
07-09-2012,13,15,30,35,42,4,6,47319633
11-09-2012,6,15,22,37,44,2,4,15000000
14-09-2012,3,10,23,27,44,7,9,26580854
18-09-2012,6,7,38,39,44,7,9,15000000
21-09-2012,4,19,34,41,43,7,11,26523681
25-09-2012,7,25,27,48,49,1,4,33985873
28-09-2012,20,23,26,30,33,6,9,100000000
02-10-2012,4,16,21,36,42,7,8,15000000
05-10-2012,9,16,18,19,21,2,3,26871790
09-10-2012,2,8,10,23,25,8,9,34447603
12-10-2012,6,7,17,35,43,2,8,46640893
16-10-2012,10,32,40,41,49,2,8,54755945
19-10-2012,16,29,37,40,44,8,10,67874748
23-10-2012,1,28,35,38,50,2,10,76874851
26-10-2012,5,6,9,27,38,5,11,91421975
30-10-2012,23,24,25,31,44,2,3,102511027
02-11-2012,3,6,10,11,44,3,4,119125945
06-11-2012,7,20,25,35,41,1,9,132672800
09-11-2012,14,21,22,28,47,4,5,152867729
13-11-2012,11,16,21,24,29,2,6,169837010
16-11-2012,10,15,19,23,41,2,9,15000000
20-11-2012,28,30,42,45,49,5,10,22756967
23-11-2012,1,9,11,20,40,1,5,15000000
27-11-2012,6,10,23,44,49,1,7,22479773
30-11-2012,10,18,23,24,40,3,4,34324723
04-12-2012,5,10,28,29,44,2,4,42363919
07-12-2012,10,16,18,31,42,2,5,54583279
11-12-2012,1,4,9,43,50,6,8,63235218
14-12-2012,10,11,29,40,43,3,11,76452078
18-12-2012,14,18,20,35,44,2,5,86060443
21-12-2012,3,5,22,40,42,3,10,101835641
25-12-2012,14,18,20,23,32,3,10,15000000
28-12-2012,17,24,26,27,49,3,5,26703677
01-01-2013,2,7,8,36,49,1,11,38032608
04-01-2013,4,10,22,27,41,8,10,15000000
08-01-2013,2,20,22,26,47,5,9,22485855
11-01-2013,4,22,29,37,41,4,7,34191508
15-01-2013,22,38,40,42,47,1,11,15000000
18-01-2013,4,26,27,30,39,3,10,25798102
22-01-2013,1,10,44,45,48,1,4,32974711
25-01-2013,3,10,18,31,37,2,4,44297359
29-01-2013,9,16,26,36,39,2,6,15000000
01-02-2013,5,21,34,37,38,1,6,15000000
05-02-2013,6,25,31,40,45,6,7,21947416
08-02-2013,9,11,14,34,44,10,11,32916239
12-02-2013,5,11,16,25,28,7,9,40241884
15-02-2013,2,4,22,28,42,4,9,52030590
19-02-2013,12,15,28,30,44,8,9,60298933
22-02-2013,15,16,28,36,37,2,11,15000000
26-02-2013,3,12,13,17,30,2,6,21860645
01-03-2013,1,11,29,36,42,4,5,32728379
05-03-2013,8,19,31,33,39,2,7,40083119
08-03-2013,3,20,23,28,42,8,11,51689985
12-03-2013,2,4,10,22,50,5,8,15000000
15-03-2013,4,14,21,24,39,3,10,15000000
19-03-2013,19,32,35,37,44,1,9,21971382
22-03-2013,12,27,32,34,49,8,9,100000000
26-03-2013,4,26,30,42,44,6,11,113430166
29-03-2013,13,30,43,44,46,5,9,132486744
02-04-2013,12,17,25,29,41,1,4,15000000
05-04-2013,1,11,17,32,39,2,7,26538894
09-04-2013,15,35,38,44,48,5,10,15000000
12-04-2013,5,10,15,28,45,3,9,26258943
16-04-2013,1,11,22,33,50,4,6,15000000
19-04-2013,1,8,42,46,48,4,7,15000000
23-04-2013,1,4,7,10,50,4,11,21743067
26-04-2013,11,16,24,38,40,2,5,32469030
30-04-2013,13,36,40,43,50,5,9,15000000
03-05-2013,3,5,34,40,49,2,3,25320531
07-05-2013,13,27,28,42,43,4,6,32317752
10-05-2013,1,32,35,45,48,4,11,43122368
14-05-2013,7,8,24,27,36,5,11,51014670
17-05-2013,6,20,24,25,50,9,10,63210305
21-05-2013,7,8,19,28,29,5,9,71706904
24-05-2013,7,17,22,27,40,2,3,85427113
28-05-2013,8,13,26,34,38,3,11,95372874
31-05-2013,27,28,29,34,43,5,10,15000000
04-06-2013,31,33,34,37,40,1,6,22292668
07-06-2013,7,14,26,45,50,2,7,100000000
11-06-2013,5,7,9,25,41,1,5,112888839
14-06-2013,10,25,41,47,48,6,10,131383087
18-06-2013,17,24,33,41,44,1,11,146642974
21-06-2013,10,11,30,36,45,1,2,168458397
25-06-2013,4,5,13,27,35,1,2,187937614
28-06-2013,1,15,28,35,47,1,7,15000000
02-07-2013,11,13,14,28,30,4,5,15000000
05-07-2013,4,12,15,28,33,1,10,26012633
09-07-2013,16,18,31,38,49,4,10,33574531
12-07-2013,18,26,32,33,42,2,3,15000000
16-07-2013,19,23,34,47,50,4,6,22078146
19-07-2013,13,16,24,26,35,2,5,15000000
23-07-2013,14,15,16,19,44,4,5,15000000
26-07-2013,12,23,29,38,49,3,4,15141986
30-07-2013,3,4,11,14,43,1,6,22036079
02-08-2013,21,36,37,42,48,4,7,32550628
06-08-2013,16,17,31,47,49,3,11,39969189
09-08-2013,4,7,9,23,24,8,9,51235800
13-08-2013,5,17,20,47,50,1,4,59358856
16-08-2013,20,24,27,37,39,5,10,70976896
20-08-2013,5,11,42,49,50,8,11,80048874
23-08-2013,1,6,26,30,37,5,8,93948087
27-08-2013,7,30,38,40,43,2,6,15000000
30-08-2013,2,17,25,36,45,5,9,25642224
03-09-2013,5,9,16,18,42,7,9,15000000
06-09-2013,11,23,25,32,37,4,7,25602948
10-09-2013,7,11,14,28,30,2,10,15000000
13-09-2013,4,6,14,27,33,5,10,27722709
17-09-2013,13,17,21,42,44,9,11,34994367
20-09-2013,5,11,35,38,45,2,3,46107180
24-09-2013,10,20,26,28,43,9,11,53875031
27-09-2013,11,15,38,41,43,2,6,65793284
01-10-2013,19,23,25,44,48,8,9,15000000
04-10-2013,6,20,24,35,50,5,10,25391202
08-10-2013,23,24,26,33,42,3,5,32466476
11-10-2013,6,12,17,23,43,5,9,43300447
15-10-2013,18,27,39,43,47,4,7,50899071
18-10-2013,5,25,36,46,47,2,6,15000000
22-10-2013,29,33,39,41,44,9,11,21557573
25-10-2013,2,3,10,31,38,6,10,31714028
29-10-2013,9,10,30,32,37,2,6,15000000
01-11-2013,7,19,29,30,33,3,8,15000000
05-11-2013,6,12,13,35,38,2,3,21594781
08-11-2013,20,28,35,42,43,8,10,15000000
12-11-2013,14,29,37,40,48,2,11,15000000
15-11-2013,3,13,15,29,42,1,4,100000000
19-11-2013,14,15,19,36,45,1,10,15000000
22-11-2013,13,25,26,40,50,8,9,25321675
26-11-2013,19,23,27,42,44,3,5,32148861
29-11-2013,2,7,10,23,43,4,7,15000000
03-12-2013,6,13,15,29,32,2,9,15000000
06-12-2013,1,2,18,31,36,7,10,24886473
10-12-2013,6,24,35,49,50,1,7,31707067
13-12-2013,1,22,23,24,31,6,11,44668268
17-12-2013,6,8,27,37,41,7,10,52406867
20-12-2013,12,13,17,22,43,3,10,64321006
24-12-2013,5,19,31,43,50,2,6,74670405
27-12-2013,1,6,13,22,28,5,10,86334915
31-12-2013,13,20,24,29,45,3,7,100878708
03-01-2014,3,27,31,38,44,3,8,116122939
07-01-2014,2,20,27,33,45,6,10,130277772
10-01-2014,1,2,11,27,29,1,10,15000000
14-01-2014,18,20,25,26,37,10,11,22323820
17-01-2014,19,26,32,33,42,4,10,33069927
21-01-2014,4,12,35,42,48,5,8,40648762
24-01-2014,5,19,34,35,41,1,5,51853731
28-01-2014,18,20,23,42,48,2,9,59913845
31-01-2014,8,10,15,16,31,8,9,72149579
04-02-2014,1,21,33,37,38,4,8,15000000
07-02-2014,3,17,19,46,47,9,10,25315477
11-02-2014,8,17,25,41,47,1,2,15000000
14-02-2014,2,4,6,19,39,2,7,25543227
18-02-2014,23,26,36,37,49,6,7,15000000
21-02-2014,13,17,28,30,32,5,7,24964477
25-02-2014,21,25,28,35,42,4,6,31885464
28-02-2014,12,32,38,43,44,2,7,42517715
04-03-2014,3,5,22,27,44,1,6,15000000
07-03-2014,5,10,38,40,41,1,8,100000000
11-03-2014,1,4,23,33,44,7,8,112224513
14-03-2014,6,24,25,27,30,5,9,129384564
18-03-2014,8,27,34,36,39,5,10,15000000
21-03-2014,7,30,37,39,42,5,7,25493153
25-03-2014,7,20,26,28,50,2,8,15000000
28-03-2014,3,4,19,28,43,3,7,25329483
01-04-2014,16,18,26,38,44,8,10,15000000
04-04-2014,6,10,28,45,50,10,11,15000000
08-04-2014,11,18,29,42,49,4,11,21651231
11-04-2014,8,12,19,30,33,4,11,32404758
15-04-2014,3,14,26,47,50,7,11,39469425
18-04-2014,21,24,31,39,47,3,7,49741996
22-04-2014,13,15,20,24,46,1,8,56813879
25-04-2014,13,21,24,44,49,1,9,67951355
29-04-2014,18,23,26,35,44,3,11,76616042
02-05-2014,4,30,31,38,42,2,11,89166455
06-05-2014,5,19,24,31,37,1,9,15000000
09-05-2014,3,21,26,28,45,7,10,24736691
13-05-2014,4,13,30,34,47,2,6,31594762
16-05-2014,23,26,29,37,40,3,4,41696345
20-05-2014,5,33,36,38,47,4,9,48745949
23-05-2014,3,8,31,34,47,9,11,59346874
27-05-2014,7,13,16,25,26,1,6,67034874
30-05-2014,5,24,27,41,45,6,7,78898283
03-06-2014,2,15,32,39,44,5,10,88945682
06-06-2014,7,25,34,40,49,9,11,106876333
10-06-2014,12,18,21,32,33,1,11,118626756
13-06-2014,16,18,22,28,46,9,11,137313501
17-06-2014,11,13,37,40,48,8,9,15000000
20-06-2014,5,15,25,38,49,1,2,24974879
24-06-2014,1,7,20,21,48,4,7,15000000
27-06-2014,31,33,34,39,45,2,10,24831312
01-07-2014,18,22,25,27,39,5,10,31752213
04-07-2014,4,18,39,43,47,2,6,42031147
08-07-2014,8,18,22,24,27,4,11,49306200
11-07-2014,5,22,35,38,49,4,7,60081769
15-07-2014,15,18,20,27,34,1,3,67902166
18-07-2014,1,11,29,41,43,3,11,15000000
22-07-2014,1,24,43,45,50,5,8,21405298
25-07-2014,9,10,12,24,43,5,9,30819743
29-07-2014,10,23,35,40,43,3,9,37632166
01-08-2014,24,44,46,48,50,5,10,15000000
05-08-2014,5,7,19,21,42,5,11,21466842
08-08-2014,21,29,35,43,46,1,9,30941693
12-08-2014,7,16,19,22,33,2,5,37783516
15-08-2014,4,5,21,23,30,8,10,46954024
19-08-2014,4,7,11,34,47,7,8,54304297
22-08-2014,4,17,29,35,49,1,2,15000000
26-08-2014,10,22,36,45,48,4,11,21332468
29-08-2014,2,9,26,32,38,3,6,30847109
02-09-2014,5,25,31,39,45,1,8,37624288
05-09-2014,1,18,23,46,50,3,9,47592166
09-09-2014,8,15,19,24,35,8,10,55073280
12-09-2014,9,13,26,31,33,7,11,66213888
16-09-2014,4,29,30,35,50,2,4,74610475
19-09-2014,6,8,34,38,48,3,9,86732923
23-09-2014,12,13,14,29,35,1,7,15000000
26-09-2014,13,27,35,46,47,1,2,25767850
30-09-2014,3,13,15,33,42,5,7,32929188
03-10-2014,4,13,23,48,50,5,10,100000000
07-10-2014,9,21,28,30,38,1,8,112118981
10-10-2014,6,29,42,45,47,9,10,129467188
14-10-2014,4,5,15,23,32,3,7,143635159
17-10-2014,1,13,40,48,49,8,10,164013958
21-10-2014,20,21,27,33,40,3,10,181778808
24-10-2014,3,9,20,30,42,1,6,190000000
28-10-2014,10,15,17,40,45,1,2,15000000
31-10-2014,10,13,20,33,41,3,9,15000000
04-11-2014,1,6,13,17,26,3,5,22206694
07-11-2014,13,25,32,38,46,1,10,33012470
11-11-2014,2,14,21,36,46,7,11,15000000
14-11-2014,17,32,36,38,48,5,8,25319129
18-11-2014,2,3,17,36,38,4,11,32415734
21-11-2014,4,7,28,32,37,5,10,43061336
25-11-2014,3,7,25,32,36,1,6,51208489
28-11-2014,6,10,15,23,41,4,10,64238836
02-12-2014,3,15,25,44,49,1,9,72971665
05-12-2014,5,8,37,47,48,2,3,15000000
09-12-2014,1,3,31,42,46,4,11,21823076
12-12-2014,2,15,28,31,37,4,6,32170284
16-12-2014,3,7,12,13,25,5,8,39580687
19-12-2014,23,29,31,39,44,5,8,15000000
23-12-2014,8,9,19,25,49,2,10,15000000
26-12-2014,17,26,27,45,49,2,3,25234535
30-12-2014,6,18,39,44,50,8,11,15000000
02-01-2015,22,24,25,28,49,3,6,15000000
06-01-2015,14,20,30,38,49,3,4,21570077
09-01-2015,6,21,24,32,45,1,11,31666941
13-01-2015,8,17,21,31,34,9,10,15000000
16-01-2015,29,30,32,34,46,3,6,25492644
20-01-2015,15,33,41,44,47,8,10,32539304
23-01-2015,6,29,30,38,45,1,8,15000000
27-01-2015,5,10,31,33,40,8,10,21715116
30-01-2015,9,13,15,19,24,3,8,15000000
03-02-2015,17,31,33,44,50,7,11,15000000
06-02-2015,10,26,30,39,50,7,8,15000000
10-02-2015,13,17,20,30,45,9,10,21653156
13-02-2015,12,24,39,42,44,3,11,33327954
17-02-2015,2,5,18,30,43,1,10,40422820
20-02-2015,4,10,14,37,46,4,7,51125124
24-02-2015,3,25,28,34,50,1,11,58852109
27-02-2015,5,14,17,25,47,9,10,71791059
03-03-2015,6,8,11,13,21,7,8,81055082
06-03-2015,23,30,47,49,50,2,7,100000000
10-03-2015,2,6,23,30,31,2,10,15000000
13-03-2015,4,5,18,22,23,1,3,27214552
17-03-2015,11,23,26,38,44,1,8,34513300
20-03-2015,3,14,37,42,48,1,10,45351002
24-03-2015,10,24,26,39,40,3,10,52905388
27-03-2015,2,30,32,39,44,6,10,65065693
31-03-2015,8,20,24,28,49,8,9,73584056
03-04-2015,27,29,37,39,49,2,4,15000000
07-04-2015,18,25,39,44,50,5,8,21449918
10-04-2015,22,23,25,30,43,5,9,15000000
14-04-2015,24,32,34,35,49,1,2,21697826
17-04-2015,2,24,30,34,39,8,11,31605188
21-04-2015,6,14,17,42,45,1,8,39055476
24-04-2015,5,19,29,31,40,3,10,50731331
28-04-2015,24,26,28,36,45,7,10,15000000
01-05-2015,3,19,20,25,26,6,10,23963701
05-05-2015,1,10,17,20,42,8,9,30744734
08-05-2015,7,14,19,47,49,3,10,40655810
12-05-2015,14,29,30,40,46,3,6,47879234
15-05-2015,5,35,42,44,47,8,9,15000000
19-05-2015,26,30,31,35,37,8,11,21489110
22-05-2015,18,24,35,44,45,5,11,31141926
26-05-2015,5,6,7,21,24,5,6,37682171
29-05-2015,3,4,20,45,48,6,8,15000000
02-06-2015,7,23,29,37,41,1,8,21811078
05-06-2015,2,7,8,45,48,1,9,100000000
09-06-2015,5,9,17,32,34,6,8,112140115
12-06-2015,5,8,10,11,37,7,9,129204405
16-06-2015,10,15,16,36,37,3,9,15000000
19-06-2015,7,14,20,31,42,3,9,24835107
23-06-2015,4,16,22,38,49,6,9,15000000
26-06-2015,3,6,10,19,24,5,7,25263266
30-06-2015,11,15,28,34,37,1,8,15000000
03-07-2015,11,12,15,18,44,3,9,24398282
07-07-2015,6,7,18,33,41,3,10,31077433
10-07-2015,5,8,15,35,41,4,5,40998254
14-07-2015,6,18,19,34,36,1,8,15000000
17-07-2015,1,21,22,43,48,7,9,24215184
21-07-2015,14,20,27,29,44,7,10,30754406
24-07-2015,2,9,21,35,46,2,11,40468528
28-07-2015,23,32,36,43,49,7,8,15000000
31-07-2015,16,21,34,40,50,6,9,24939216
04-08-2015,10,15,39,45,50,9,10,15000000
07-08-2015,1,5,21,39,44,4,11,24090340
11-08-2015,2,3,8,15,16,4,11,30648924
14-08-2015,4,7,39,44,45,3,5,40297743
18-08-2015,7,10,11,12,19,2,9,15000000
21-08-2015,4,16,18,43,47,6,10,23986424
25-08-2015,27,31,33,42,50,2,5,30507122
28-08-2015,11,29,30,31,34,4,7,15000000
01-09-2015,6,19,21,27,45,1,8,15000000
04-09-2015,8,9,27,45,50,8,10,24335146
08-09-2015,14,16,39,40,42,1,4,30904640
11-09-2015,10,18,19,29,50,1,9,15000000
15-09-2015,8,15,17,44,49,5,8,21398749
18-09-2015,7,29,33,34,39,7,8,30788012
22-09-2015,14,23,26,27,29,7,10,37424463
25-09-2015,13,14,23,30,37,2,8,47772431
29-09-2015,11,14,26,29,49,3,9,15000000
02-10-2015,7,18,21,32,35,2,11,15000000
06-10-2015,11,20,22,29,32,1,8,15000000
09-10-2015,1,40,42,43,47,9,11,24386729
13-10-2015,12,15,26,29,47,3,11,30878428
16-10-2015,7,28,29,43,48,3,10,15000000
20-10-2015,17,19,21,30,45,8,10,21280290
23-10-2015,7,25,30,32,39,2,8,30630412
27-10-2015,11,12,20,25,36,6,9,37252483
30-10-2015,8,13,17,21,34,6,7,47542339
03-11-2015,8,27,39,46,49,2,6,55033448
06-11-2015,3,17,26,38,40,4,10,100000000
10-11-2015,6,13,18,39,43,2,8,111997290
13-11-2015,10,17,18,33,40,2,8,130868296
17-11-2015,6,7,23,37,38,10,11,144587700
20-11-2015,4,30,34,46,49,7,8,163553041
24-11-2015,9,14,16,17,26,10,11,15000000
27-11-2015,16,29,30,37,50,6,8,26179692
01-12-2015,2,15,25,35,45,8,10,33518353
04-12-2015,8,17,18,27,39,1,7,44266153
08-12-2015,12,17,29,38,48,9,11,51436264
11-12-2015,3,5,21,40,43,6,11,62650170
15-12-2015,8,11,23,27,35,4,11,71034372
18-12-2015,6,22,26,29,48,5,6,83228800
22-12-2015,18,19,20,40,41,7,10,15000000
25-12-2015,3,10,25,27,40,3,9,24895055
29-12-2015,5,20,31,32,36,6,7,32342225
01-01-2016,4,37,38,39,44,4,7,42094520
05-01-2016,6,10,31,36,39,6,10,49900227
08-01-2016,5,26,33,35,40,3,8,61385482
12-01-2016,1,2,10,30,44,1,8,69720920
15-01-2016,10,19,38,43,46,1,11,81942691
19-01-2016,2,30,38,43,46,2,7,91076034
22-01-2016,10,12,27,30,47,8,9,104897309
26-01-2016,15,24,38,40,48,2,9,116044883
29-01-2016,1,5,23,29,32,1,7,132376632
02-02-2016,6,9,10,21,36,2,6,15000000
05-02-2016,3,27,32,41,46,4,8,15000000
09-02-2016,6,9,13,28,37,4,5,21863823
12-02-2016,3,20,28,31,49,2,5,32002496
16-02-2016,3,10,22,37,50,6,10,15000000
19-02-2016,13,14,30,32,39,3,9,24499668
23-02-2016,23,25,32,37,42,1,11,31340088
26-02-2016,5,13,15,33,50,9,11,15000000
01-03-2016,4,7,13,28,37,10,11,15000000
04-03-2016,9,14,16,23,40,1,5,25106903
08-03-2016,1,8,9,14,23,1,7,32079575
11-03-2016,1,21,26,40,43,6,9,42155765
15-03-2016,5,7,10,34,44,2,10,49339786
18-03-2016,14,19,21,24,49,5,11,59687034
22-03-2016,12,15,26,42,49,5,8,15000000
25-03-2016,12,19,36,42,43,5,8,24008506
29-03-2016,1,4,19,25,36,3,11,30177601
01-04-2016,2,16,23,25,49,6,9,39814044
05-04-2016,3,5,9,19,40,2,5,46881018
08-04-2016,6,8,26,43,49,6,10,57250088
12-04-2016,1,5,9,22,38,2,10,65001096
15-04-2016,13,14,32,37,48,1,7,15000000
19-04-2016,11,14,15,27,44,2,7,21367276
22-04-2016,17,26,32,34,43,2,10,30597279
26-04-2016,10,17,31,32,42,2,5,37322166
29-04-2016,4,5,25,28,43,6,11,47533437
03-05-2016,8,23,24,34,38,3,7,54692518
06-05-2016,32,34,40,45,48,1,10,64875522
10-05-2016,2,26,27,40,49,5,10,73002277
13-05-2016,7,15,28,31,42,10,11,15000000
17-05-2016,15,27,32,36,39,3,10,21222201
20-05-2016,9,14,30,41,45,4,9,30459054
24-05-2016,16,17,23,34,37,6,9,37111644
27-05-2016,13,25,27,43,46,4,8,47024761
31-05-2016,6,12,26,30,48,6,7,54237615
03-06-2016,7,23,31,33,39,6,10,64670538
07-06-2016,19,26,35,45,49,2,5,73037324
10-06-2016,14,21,35,42,43,7,9,85076371
14-06-2016,13,34,39,42,50,9,11,15000000
17-06-2016,1,7,18,27,43,4,8,23930261
21-06-2016,5,17,32,35,49,1,5,30372881
24-06-2016,11,19,27,28,39,3,10,39675953
28-06-2016,26,32,37,43,49,4,5,15000000
01-07-2016,2,11,13,40,50,1,10,23845060
05-07-2016,1,10,29,38,48,3,4,15000000
08-07-2016,8,12,18,33,44,4,8,23725445
12-07-2016,3,7,26,33,41,2,10,30023216
15-07-2016,2,11,13,14,21,1,8,38892370
19-07-2016,19,24,28,36,37,3,6,45336960
22-07-2016,7,24,26,37,45,5,9,54603405
26-07-2016,3,10,13,45,49,2,11,61762146
29-07-2016,1,21,26,40,50,2,4,72413419
02-08-2016,2,8,27,38,46,2,6,15000000
05-08-2016,16,19,24,35,37,2,7,23739150
09-08-2016,12,19,43,44,45,5,10,30094448
12-08-2016,2,15,28,36,50,2,11,39134895
16-08-2016,2,26,34,37,46,4,8,45434119
19-08-2016,5,6,22,25,34,5,7,54894441
23-08-2016,2,23,31,37,45,4,8,15000000
26-08-2016,1,9,28,30,48,7,8,23748325
30-08-2016,13,16,29,35,42,6,8,30018586
02-09-2016,8,16,32,40,50,2,11,39204300
06-09-2016,12,24,30,34,45,7,10,15000000
09-09-2016,4,11,15,17,28,1,3,23906431
13-09-2016,4,7,16,35,44,1,3,30386701
16-09-2016,5,8,14,22,32,2,11,39758892
20-09-2016,1,4,10,41,45,6,9,15000000
23-09-2016,14,16,39,42,49,3,9,23850387
27-09-2016,6,9,13,39,41,2,12,17000000
30-09-2016,17,35,37,43,44,2,10,130000000
04-10-2016,4,7,14,34,38,4,11,140796507
07-10-2016,2,12,20,27,30,9,11,155533572
11-10-2016,5,12,20,24,37,4,11,168085323
14-10-2016,7,13,19,31,34,1,11,17000000
18-10-2016,2,17,21,25,27,6,9,26452819
21-10-2016,9,20,23,44,48,8,10,39871819
25-10-2016,3,15,20,21,28,1,5,50108729
28-10-2016,10,16,19,23,43,2,8,17375733
01-11-2016,6,10,20,29,37,1,9,17000000
04-11-2016,7,11,12,44,48,3,7,30088611
08-11-2016,5,9,47,49,50,8,9,39336342
11-11-2016,3,22,23,38,49,2,9,17000000
15-11-2016,7,15,36,42,48,3,7,25643917
18-11-2016,3,12,27,32,47,6,8,38149039
22-11-2016,5,10,33,34,47,2,10,47367563
25-11-2016,5,11,17,23,28,10,11,61141778
29-11-2016,21,26,27,28,38,9,11,17000000
02-12-2016,6,11,23,31,32,2,12,29377167
06-12-2016,1,7,11,27,45,4,9,17000000
09-12-2016,6,12,28,37,40,1,5,29101354
13-12-2016,14,28,29,48,50,2,8,38164327
16-12-2016,6,10,30,41,45,4,11,51365465
20-12-2016,13,15,17,21,27,2,3,61653352
23-12-2016,4,16,20,39,46,2,5,17000000
27-12-2016,3,22,25,32,39,7,12,25251858
30-12-2016,8,10,22,29,47,1,3,17000000
03-01-2017,19,23,27,34,49,1,11,25365762
06-01-2017,10,14,18,21,49,9,11,37152275
10-01-2017,2,11,29,35,44,4,9,46366060
13-01-2017,3,7,16,26,50,4,7,61704973
17-01-2017,4,16,25,43,47,2,10,72166974
20-01-2017,10,17,27,31,49,3,5,81343946
24-01-2017,1,5,7,17,23,3,8,88587275
27-01-2017,17,20,28,45,48,5,9,17000000
31-01-2017,3,4,17,23,44,6,9,25880509
03-02-2017,3,4,15,46,50,5,9,17000000
07-02-2017,4,10,31,38,44,8,10,25508738
10-02-2017,7,21,26,35,43,2,9,37780528
14-02-2017,2,10,24,40,44,3,10,47141418
17-02-2017,19,25,33,36,48,2,9,17000000
21-02-2017,13,19,41,45,49,3,4,17000000
24-02-2017,2,4,13,22,43,8,9,28811185
28-02-2017,10,20,31,35,42,2,12,37350466
03-03-2017,2,11,29,30,47,1,12,50129163
07-03-2017,6,37,41,48,50,4,5,59887734
10-03-2017,31,36,38,47,49,8,11,73878559
14-03-2017,3,5,21,36,44,3,6,0
17-03-2017,6,10,19,29,36,3,9,17000000
21-03-2017,1,20,23,44,47,4,11,25165272
24-03-2017,2,17,21,27,34,5,9,36870612
28-03-2017,9,13,31,33,46,6,10,45620296
31-03-2017,17,24,26,28,45,4,12,58432786
04-04-2017,1,9,24,33,34,2,6,68205610
07-04-2017,2,10,19,35,50,6,7,76652440
11-04-2017,5,21,22,31,49,2,8,83397527
14-04-2017,4,14,20,23,33,6,10,17000000
18-04-2017,17,22,31,38,45,5,12,24655351
21-04-2017,2,13,16,22,49,4,5,36047524
25-04-2017,9,11,19,32,43,3,9,44628597
28-04-2017,14,20,25,30,39,2,8,57367996
02-05-2017,6,19,23,25,27,11,12,66014926
05-05-2017,3,7,30,35,43,1,3,74483969
09-05-2017,8,12,16,22,26,6,7,81075588
12-05-2017,2,20,28,29,44,3,9,90507121
16-05-2017,8,11,15,20,30,3,8,98136932
19-05-2017,9,11,12,19,30,4,9,109192064
23-05-2017,8,15,25,27,42,1,4,118337309
26-05-2017,5,7,26,36,39,2,10,130028601
30-05-2017,7,12,27,38,48,6,9,139962742
02-06-2017,8,10,24,33,42,3,9,153873716
06-06-2017,20,22,25,37,40,3,7,17000000
09-06-2017,9,20,27,39,43,10,11,29190553
13-06-2017,3,12,22,27,49,4,11,38110538
16-06-2017,15,17,38,41,42,9,12,50405630
20-06-2017,11,18,26,43,44,8,10,59644334
23-06-2017,3,4,21,31,38,3,7,72762689
27-06-2017,9,17,21,28,45,1,3,79203977
30-06-2017,17,35,39,47,50,6,8,100000000
04-07-2017,10,22,25,37,49,5,8,17000000
07-07-2017,11,20,35,37,45,3,6,28975630
11-07-2017,14,22,26,42,50,8,10,17000000
14-07-2017,11,14,20,21,47,7,10,17000000
18-07-2017,1,25,27,41,45,5,7,25104936
21-07-2017,1,8,9,26,49,5,9,36567350
25-07-2017,12,14,43,44,48,2,11,45205505
28-07-2017,5,9,29,31,41,2,4,57871110
01-08-2017,14,21,24,29,30,8,10,17000000
04-08-2017,29,30,36,40,41,2,9,28246597
08-08-2017,15,25,26,40,41,4,5,36563144
11-08-2017,18,28,39,46,48,5,12,17000000
15-08-2017,10,14,30,35,46,4,10,24238049
18-08-2017,2,24,39,42,45,2,8,35595611
22-08-2017,3,10,12,17,27,3,5,44105265
25-08-2017,1,5,7,15,47,9,12,17000000
29-08-2017,4,12,15,32,38,1,5,17000000
01-09-2017,3,7,8,14,49,5,8,28287321
05-09-2017,6,9,18,28,29,1,9,17000000
08-09-2017,9,24,42,47,49,1,5,28504963
12-09-2017,10,17,27,29,35,4,11,37430146
15-09-2017,13,18,37,44,49,9,12,130000000
19-09-2017,1,8,21,30,45,2,3,139531728
22-09-2017,6,11,31,39,42,1,3,152701511
26-09-2017,1,29,40,41,48,6,12,163620566
29-09-2017,7,18,19,32,48,3,7,178941892
03-10-2017,6,24,32,48,50,1,5,190000000
06-10-2017,1,9,15,19,25,1,7,190000000
10-10-2017,4,21,34,36,37,3,6,17000000
13-10-2017,23,29,37,45,50,5,11,33140111
17-10-2017,13,17,19,26,36,2,3,42395360
20-10-2017,4,17,23,27,30,3,8,55649983
24-10-2017,9,11,13,27,33,7,10,65407072
27-10-2017,3,16,23,32,39,1,4,17000000
31-10-2017,1,12,36,43,46,3,5,17000000
03-11-2017,5,12,17,33,41,4,9,28709464
07-11-2017,7,19,20,37,41,2,12,17000000
10-11-2017,13,22,29,36,37,1,9,29800638
14-11-2017,14,16,39,40,41,8,10,38477171
17-11-2017,20,26,35,36,42,5,12,51634094
21-11-2017,2,10,14,28,31,5,7,61046362
24-11-2017,19,24,28,30,50,3,10,74515266
28-11-2017,1,6,12,18,42,2,7,80976656
01-12-2017,5,24,29,35,46,11,12,90060314
05-12-2017,11,36,43,44,48,2,7,97420825
08-12-2017,4,22,30,32,34,3,4,107213099
12-12-2017,20,37,39,44,50,4,8,115458908
15-12-2017,25,30,31,42,50,2,11,126429055
19-12-2017,8,15,30,38,46,4,7,135346147
22-12-2017,5,24,30,31,43,3,6,17000000
26-12-2017,4,17,30,43,44,2,10,24717288
29-12-2017,4,8,22,23,48,1,12,38906715
02-01-2018,10,20,21,28,48,1,8,17000000
05-01-2018,2,5,20,38,41,4,8,28911186
09-01-2018,6,12,15,38,49,2,9,37933940
12-01-2018,13,21,23,30,45,4,6,51154443
16-01-2018,20,23,31,34,46,3,12,61162041
19-01-2018,3,8,17,44,50,2,7,75062596
23-01-2018,5,8,9,23,24,7,8,81794527
26-01-2018,6,15,24,28,48,4,9,91021687
30-01-2018,11,15,21,27,35,4,5,98248326
02-02-2018,14,34,36,39,48,2,3,108738581
06-02-2018,8,17,28,34,38,6,12,117593590
09-02-2018,22,31,36,38,44,1,11,129291731
13-02-2018,10,13,17,21,44,1,10,138421493
16-02-2018,10,12,23,32,50,4,10,150559073
20-02-2018,6,14,19,25,29,5,11,161121640
23-02-2018,10,17,18,28,47,3,7,177724496
27-02-2018,3,31,41,48,50,8,11,17000000
02-03-2018,2,7,34,45,48,1,12,29164811
06-03-2018,15,20,26,31,44,2,9,38461489
09-03-2018,9,14,21,32,44,1,12,51518629
13-03-2018,9,11,13,33,49,6,12,61521581
16-03-2018,4,17,24,27,31,10,11,17000000
20-03-2018,26,29,37,39,44,9,11,25434576
23-03-2018,5,7,11,46,50,8,11,37457698
27-03-2018,17,20,23,40,46,9,10,46327391
30-03-2018,12,17,28,35,47,7,11,58701125
03-04-2018,3,8,16,40,43,5,8,67723106
06-04-2018,1,29,33,45,47,4,8,76119641
10-04-2018,14,27,39,46,48,11,12,17000000
13-04-2018,5,25,34,48,50,6,7,17000000
17-04-2018,15,27,33,39,50,4,6,25723280
20-04-2018,3,16,25,39,44,7,11,130000000
24-04-2018,20,23,28,30,44,3,7,138724202
27-04-2018,12,24,40,41,46,5,12,17000000
01-05-2018,6,15,17,42,48,4,6,24728362
04-05-2018,6,12,23,39,45,9,12,36945285
08-05-2018,17,25,35,39,44,2,5,45566998
11-05-2018,3,22,34,49,50,8,11,17000000
15-05-2018,4,16,20,31,39,2,12,25146151
18-05-2018,5,8,10,13,31,3,6,36663314
22-05-2018,1,11,37,41,48,8,12,44872308
25-05-2018,13,15,16,28,41,4,5,57140617
29-05-2018,6,11,20,38,43,2,4,66136267
01-06-2018,17,18,24,29,40,4,5,74290358
05-06-2018,9,15,22,39,46,4,5,17000000
08-06-2018,8,19,32,43,46,2,8,17000000
12-06-2018,7,21,23,36,38,6,8,17000000
15-06-2018,23,26,33,38,49,1,12,28072727
19-06-2018,7,19,26,42,50,4,9,36158964
22-06-2018,14,25,39,41,44,2,8,17000000
26-06-2018,15,16,20,34,50,4,7,24657714
29-06-2018,15,21,23,40,48,3,12,35759659
03-07-2018,1,12,15,29,48,3,5,44211419
06-07-2018,8,30,33,38,48,2,10,56241097
10-07-2018,3,8,26,33,45,7,10,65538512
13-07-2018,1,4,14,21,49,2,12,17000000
17-07-2018,4,6,27,48,50,1,11,17000000
20-07-2018,2,15,40,43,46,3,6,27914266
24-07-2018,2,4,23,39,40,3,9,35993507
27-07-2018,11,17,22,23,41,6,11,47636023
31-07-2018,20,25,34,42,45,6,11,56774958
03-08-2018,7,26,36,38,43,6,12,69369394
07-08-2018,16,28,29,30,36,8,10,75479227
10-08-2018,18,20,36,43,44,3,9,83831487
14-08-2018,1,15,18,25,31,9,11,90786197
17-08-2018,2,15,18,24,43,8,12,99896146
21-08-2018,16,23,42,43,49,10,12,107839228
24-08-2018,3,14,31,36,50,1,12,17000000
28-08-2018,4,16,32,42,46,8,12,25031511
31-08-2018,4,30,31,38,42,4,6,36535987
04-09-2018,5,14,28,30,47,4,11,45447459
07-09-2018,4,23,27,31,50,1,8,17000000
11-09-2018,9,18,32,38,46,2,3,25114954
14-09-2018,1,3,33,40,45,3,4,36785881
18-09-2018,3,8,10,32,45,4,12,45748295
21-09-2018,5,7,21,25,37,3,4,130000000
25-09-2018,6,15,20,30,38,4,7,139272150
28-09-2018,2,4,8,27,50,2,9,151876472
02-10-2018,7,17,29,37,45,3,11,162403002
05-10-2018,8,16,24,26,35,3,11,17000000
09-10-2018,3,12,36,44,45,8,11,17000000
12-10-2018,4,9,12,31,43,5,8,28511487
16-10-2018,15,28,37,40,42,1,6,37140191
19-10-2018,1,3,29,47,48,3,12,49434483
23-10-2018,1,2,5,21,32,2,12,58925021
26-10-2018,5,18,21,31,35,6,9,72210652
30-10-2018,17,23,27,43,44,1,12,78587093
02-11-2018,5,15,17,37,44,7,11,87021202
06-11-2018,14,24,36,40,43,2,9,17000000
09-11-2018,14,17,32,37,49,11,12,29387682
13-11-2018,2,7,10,13,42,3,6,38112925
16-11-2018,9,10,13,28,41,1,12,50340148
20-11-2018,6,19,39,45,48,7,12,17000000
23-11-2018,5,8,25,26,30,3,10,28078913
27-11-2018,4,16,17,18,32,2,11,36531328
30-11-2018,3,10,12,23,26,1,12,48850310
04-12-2018,19,20,21,42,45,8,9,58045709
07-12-2018,11,17,26,37,48,1,10,70885902
11-12-2018,4,7,13,23,42,1,3,77047465
14-12-2018,12,29,38,42,44,2,12,85503050
18-12-2018,1,9,18,39,48,5,7,92347677
21-12-2018,2,12,15,34,50,3,4,102382992
25-12-2018,4,5,8,31,43,2,9,109785346
28-12-2018,13,16,34,35,45,10,12,120363454
01-01-2019,1,8,11,25,28,4,6,129645665
04-01-2019,7,11,19,27,37,6,10,17000000
08-01-2019,3,19,22,31,32,2,11,25825451
11-01-2019,1,19,31,39,48,1,6,38040648
15-01-2019,22,25,29,33,35,3,6,47436060
18-01-2019,5,6,16,30,46,5,10,60264632
22-01-2019,9,23,29,41,49,8,10,70256484
25-01-2019,1,6,13,15,16,6,10,78799794
29-01-2019,14,24,26,32,39,3,8,85646002
01-02-2019,3,21,26,41,46,1,6,120000000
05-02-2019,14,25,31,37,43,2,3,129262876
08-02-2019,11,12,13,39,46,7,10,141607621
12-02-2019,6,34,36,41,50,1,5,151629098
15-02-2019,15,27,34,38,49,2,10,164624365
19-02-2019,1,8,18,19,39,7,9,175475380
22-02-2019,3,27,29,33,50,3,7,17000000
26-02-2019,3,15,29,35,47,3,4,25879457
01-03-2019,6,9,19,26,31,11,12,40737694
05-03-2019,6,10,16,39,46,8,11,50394785
08-03-2019,17,18,19,24,40,4,8,63920702
12-03-2019,5,7,13,19,31,2,9,74349024
15-03-2019,3,15,24,42,46,9,12,83410540
19-03-2019,1,6,9,34,47,7,12,17000000
22-03-2019,4,17,26,30,43,6,11,28719145
26-03-2019,12,19,23,43,47,2,6,37479115
29-03-2019,13,23,26,32,47,6,10,49918767
02-04-2019,2,9,16,26,36,6,7,59503555
05-04-2019,1,7,10,29,45,3,5,72846386
09-04-2019,18,21,29,38,41,1,11,79149373
12-04-2019,1,28,35,36,46,6,9,17000000
16-04-2019,1,8,15,44,49,2,11,25270377
19-04-2019,7,8,32,41,49,5,11,36104655
23-04-2019,18,23,27,42,44,2,7,44153561
26-04-2019,14,33,35,47,50,9,11,17000000
30-04-2019,5,12,20,26,48,2,11,25326022
03-05-2019,2,9,20,27,43,5,6,17000000
07-05-2019,7,20,26,32,47,2,11,25024461
10-05-2019,1,4,27,45,48,1,7,17000000
14-05-2019,10,14,17,25,50,2,10,24956872
17-05-2019,16,28,42,43,45,6,7,36088260
21-05-2019,32,33,34,39,47,8,12,44599323
24-05-2019,5,16,23,30,49,6,7,56397248
28-05-2019,7,19,20,28,29,1,5,65353668
31-05-2019,1,23,24,26,35,1,11,17000000
04-06-2019,9,31,32,39,41,2,8,25380126
07-06-2019,1,4,16,20,34,2,5,130000000
11-06-2019,25,27,39,42,46,11,12,138716863
14-06-2019,1,13,30,31,39,2,7,17000000
18-06-2019,12,24,37,40,44,3,7,25307673
21-06-2019,5,8,9,25,39,3,7,36686125
25-06-2019,6,26,27,34,46,1,9,45289917
28-06-2019,1,3,16,33,49,2,11,57532742
02-07-2019,11,19,29,44,45,8,12,67120223
05-07-2019,2,9,20,34,42,6,9,75229368
09-07-2019,7,29,32,36,41,6,7,81747157
12-07-2019,2,31,39,45,47,4,8,90471737
16-07-2019,3,5,13,18,39,7,8,97518039
19-07-2019,13,14,17,26,28,2,7,107683454
23-07-2019,1,14,19,23,38,3,7,17000000
26-07-2019,2,5,27,37,42,3,10,27844950
30-07-2019,15,20,23,27,40,3,6,36345090
02-08-2019,13,22,33,44,50,2,5,48088964
06-08-2019,12,13,29,36,38,4,12,57394563
09-08-2019,2,14,35,41,42,10,11,70120308
13-08-2019,13,29,31,33,40,2,3,76458286
16-08-2019,9,10,27,37,42,1,5,84510207
20-08-2019,20,22,23,24,37,1,4,91270047
23-08-2019,4,17,35,42,45,2,8,100840609
27-08-2019,8,26,35,43,47,1,9,108433046
30-08-2019,25,27,45,46,49,4,6,119176433
03-09-2019,7,11,38,39,44,7,10,128170100
06-09-2019,10,13,22,40,48,2,5,139970283
10-09-2019,3,22,25,30,49,3,6,149857027
13-09-2019,1,12,27,42,47,6,7,164055006
17-09-2019,22,37,43,44,45,1,12,175143429
20-09-2019,8,21,25,38,50,4,8,189603734
24-09-2019,2,33,42,47,48,1,2,190000000
27-09-2019,24,37,41,43,46,2,8,190000000
01-10-2019,2,11,18,40,46,1,4,190000000
04-10-2019,6,9,35,41,44,6,9,190000000
08-10-2019,7,10,15,44,49,3,12,190000000
11-10-2019,2,14,19,42,45,5,6,17000000
15-10-2019,3,28,31,32,34,4,5,26357631
18-10-2019,8,18,22,41,42,11,12,38860931
22-10-2019,2,5,32,33,47,7,8,48515733
25-10-2019,34,37,39,40,50,4,10,61669532
29-10-2019,16,18,28,42,49,5,10,72065538
01-11-2019,2,20,39,44,48,5,7,80266472
05-11-2019,9,14,25,33,48,2,12,87082433
08-11-2019,8,17,20,23,45,2,8,97372165
12-11-2019,1,21,23,25,39,2,4,104800336
15-11-2019,3,13,20,32,34,4,11,114675404
19-11-2019,8,10,15,30,42,4,6,122766852
22-11-2019,3,21,32,34,48,3,11,17000000
26-11-2019,2,3,15,19,34,5,8,25884845
29-11-2019,3,7,12,42,50,6,8,38399547
03-12-2019,18,31,32,38,48,4,12,48061132
06-12-2019,1,3,27,39,46,1,10,17000000
10-12-2019,2,10,19,21,47,2,8,25800035
13-12-2019,9,16,18,23,32,2,10,39409788
17-12-2019,1,7,12,25,49,6,9,48949099
20-12-2019,8,24,30,32,34,3,4,17000000
24-12-2019,3,11,13,14,47,3,6,27481033
27-12-2019,1,7,22,26,35,5,10,38682870
31-12-2019,26,31,33,41,48,2,4,52720345
03-01-2020,5,15,20,36,47,8,12,64992459
07-01-2020,5,8,12,37,43,6,11,75337663
10-01-2020,6,17,32,44,46,2,6,84145912
14-01-2020,21,25,29,39,44,8,9,91228644
17-01-2020,8,19,20,29,44,3,8,100779289
21-01-2020,10,11,24,36,46,3,5,17000000
24-01-2020,3,4,6,9,24,5,8,28601720
28-01-2020,1,19,27,31,38,4,5,17000000
31-01-2020,13,18,20,23,30,2,4,28934315
04-02-2020,21,23,33,35,47,6,7,40857417
07-02-2020,9,15,17,25,40,3,9,130000000
11-02-2020,24,26,32,43,46,6,10,17000000
14-02-2020,5,20,35,41,49,6,10,17000000
18-02-2020,11,32,34,38,47,2,10,27039366
21-02-2020,7,23,30,32,45,5,9,41085850
25-02-2020,1,4,18,27,42,4,6,51940006
28-02-2020,8,11,20,22,23,3,4,67084644
03-03-2020,4,14,27,44,45,1,10,17000000
06-03-2020,15,38,43,45,46,1,11,30399605
10-03-2020,11,23,30,37,43,5,12,40555593
13-03-2020,3,11,21,27,36,9,10,55850379
17-03-2020,5,7,8,16,20,2,12,63600033
20-03-2020,3,9,20,34,40,6,12,17000000
24-03-2020,7,12,26,30,33,10,11,17000000
27-03-2020,11,14,27,41,46,2,3,24704307
31-03-2020,12,17,24,30,36,1,9,30777246
03-04-2020,16,19,34,46,50,2,6,39141320
07-04-2020,4,5,14,33,48,7,12,45796215
10-04-2020,3,10,17,33,39,1,4,53434751
14-04-2020,6,29,34,35,40,4,11,59184725
17-04-2020,16,28,32,37,45,1,11,67188313
21-04-2020,10,11,14,23,28,6,8,17000000
24-04-2020,1,5,19,21,28,4,7,25497940
28-04-2020,15,23,26,28,32,1,5,32299012
01-05-2020,19,20,38,45,47,2,6,41201741
05-05-2020,2,10,22,27,41,2,3,48838406
08-05-2020,8,25,32,33,38,7,9,57015368
12-05-2020,9,16,29,37,39,4,11,63861474
15-05-2020,11,23,32,34,39,1,6,72969058
19-05-2020,5,25,32,37,43,6,7,17000000
22-05-2020,3,18,22,27,32,2,7,28245446
26-05-2020,4,9,14,21,27,4,6,37143480
29-05-2020,4,8,11,19,46,4,8,17000000
02-06-2020,10,12,22,26,49,7,11,17000000
05-06-2020,5,11,17,24,37,3,6,29131137
09-06-2020,5,15,27,36,46,2,8,38666415
12-06-2020,2,24,39,45,46,4,8,51583717
16-06-2020,4,9,11,17,39,2,10,17000000
19-06-2020,5,14,19,24,43,3,11,29065639
23-06-2020,2,12,19,46,49,1,8,38429546
26-06-2020,1,10,12,21,26,5,11,51471751
30-06-2020,1,6,11,28,42,2,10,62297693
03-07-2020,4,16,27,37,39,3,6,130000000
07-07-2020,12,16,23,33,41,8,10,144542315
10-07-2020,15,17,23,30,38,2,7,17000000
14-07-2020,11,22,30,37,47,9,10,26440749
17-07-2020,7,15,27,41,43,7,9,39348808
21-07-2020,14,15,24,29,42,2,4,49564587
24-07-2020,8,9,27,28,50,4,12,17000000
28-07-2020,9,13,15,17,34,2,7,26261754
31-07-2020,21,24,30,46,49,2,5,38953665
04-08-2020,1,2,5,15,42,5,8,49112673
07-08-2020,5,20,21,36,41,6,11,64058391
11-08-2020,8,13,14,42,50,3,9,73494414
14-08-2020,9,10,19,42,49,4,12,86162555
18-08-2020,6,12,17,34,42,5,12,96747721
21-08-2020,10,15,35,44,50,3,5,111858946
25-08-2020,7,18,30,37,39,8,10,125020060
28-08-2020,7,12,16,17,31,7,9,142306851
01-09-2020,4,8,10,33,46,8,11,157170843
04-09-2020,6,22,29,40,43,4,7,17000000
08-09-2020,2,9,31,35,41,9,12,27031840
11-09-2020,34,38,42,43,45,9,12,40532810
15-09-2020,16,20,25,30,38,6,8,51364535
18-09-2020,2,10,19,25,45,1,7,67276035
22-09-2020,16,25,28,39,40,1,6,77251357
25-09-2020,19,23,34,37,45,1,7,130000000
29-09-2020,4,14,16,41,44,11,12,17000000
02-10-2020,6,12,15,40,45,3,9,30627859
06-10-2020,4,21,36,41,47,9,11,17000000
09-10-2020,11,15,35,41,50,5,8,30301316
13-10-2020,5,14,38,41,46,1,10,40315607
16-10-2020,15,33,38,40,50,3,6,54453448
20-10-2020,5,6,15,37,42,3,4,65338543
23-10-2020,10,15,19,21,23,3,12,77965255
27-10-2020,13,15,28,32,44,3,12,87757466
30-10-2020,12,16,20,21,28,3,9,17000000
03-11-2020,5,7,18,20,30,6,7,26511570
06-11-2020,7,12,37,40,50,1,2,39829739
10-11-2020,3,19,29,32,38,5,12,50553655
13-11-2020,1,5,17,28,31,1,10,67599950
17-11-2020,16,19,25,30,44,2,6,77412811
20-11-2020,28,29,39,48,50,5,7,130000000
24-11-2020,25,33,38,42,50,8,12,144228546
27-11-2020,2,5,8,14,16,8,9,163105527
01-12-2020,14,20,29,47,49,4,12,178983729
04-12-2020,14,20,27,34,38,1,11,200000000
08-12-2020,1,4,21,24,46,2,12,200000000
11-12-2020,6,9,13,24,41,3,12,200000000
15-12-2020,9,13,21,29,35,1,2,17000000
18-12-2020,2,3,13,17,21,7,8,31733127
22-12-2020,2,10,16,42,50,4,11,43704037
25-12-2020,16,21,27,30,32,3,5,17000000
29-12-2020,7,32,39,40,45,3,8,28138113
01-01-2021,16,28,32,44,48,1,9,44958140
05-01-2021,12,34,37,38,42,1,3,17000000
08-01-2021,18,23,37,41,42,4,6,30824040
12-01-2021,2,10,18,34,35,6,9,41607178
15-01-2021,4,10,27,38,40,3,11,56331898
19-01-2021,25,27,31,35,43,5,6,67733808
22-01-2021,8,16,42,44,47,6,7,80566353
26-01-2021,5,7,25,37,40,2,8,17000000
29-01-2021,1,5,27,36,42,1,6,30681161
02-02-2021,18,20,35,38,48,9,12,41721143
05-02-2021,12,19,37,44,45,2,6,130000000
09-02-2021,5,10,24,31,37,9,10,145042671
12-02-2021,7,23,30,32,36,8,12,164677184
16-02-2021,5,9,25,29,30,6,7,180847515
19-02-2021,4,12,25,46,48,7,12,206564757
23-02-2021,9,18,30,39,45,1,3,210000000
26-02-2021,6,12,22,29,33,6,11,210000000
02-03-2021,2,19,24,26,49,6,7,17000000
05-03-2021,4,5,39,46,48,7,10,32402008
09-03-2021,1,16,21,32,33,11,12,44153103
12-03-2021,4,6,9,11,44,10,11,60764885
16-03-2021,23,25,32,35,47,2,6,73410604
19-03-2021,3,9,35,43,44,1,10,87587639
23-03-2021,2,26,29,36,49,3,9,99009615
26-03-2021,10,12,37,49,50,3,8,115321837
30-03-2021,24,27,28,29,42,4,8,128213947
02-04-2021,4,21,34,40,47,2,5,144755907
06-04-2021,2,21,37,38,50,7,8,17000000
09-04-2021,2,8,32,35,44,8,11,31216341
13-04-2021,16,20,31,47,50,2,8,42155143
16-04-2021,6,11,29,40,48,5,9,56913174
20-04-2021,5,17,28,41,46,10,11,68414615
23-04-2021,3,14,15,19,29,2,8,17000000
27-04-2021,13,14,24,35,49,1,10,27232271
30-04-2021,1,16,24,28,46,2,11,43409687
04-05-2021,3,10,13,28,46,4,11,54222329
07-05-2021,14,22,33,38,47,8,9,69463976
11-05-2021,14,25,34,43,46,5,6,17000000
14-05-2021,6,16,18,29,38,6,11,30241215
18-05-2021,5,13,38,39,40,4,12,40625089
21-05-2021,2,9,13,15,35,3,10,54934280
25-05-2021,1,21,26,30,38,2,8,65838496
28-05-2021,11,13,16,34,40,1,12,78620802
01-06-2021,3,10,26,35,44,6,7,88760288
04-06-2021,7,20,36,40,46,2,4,130000000
08-06-2021,2,11,26,36,47,7,9,17000000
11-06-2021,9,17,21,33,39,7,11,30382655
15-06-2021,11,21,26,30,31,2,3,17000000
18-06-2021,11,20,27,30,41,3,5,29998047
22-06-2021,6,24,26,27,41,3,8,39918304
25-06-2021,1,29,30,33,36,3,12,53683594
29-06-2021,6,12,20,24,48,5,6,64340127
02-07-2021,9,14,29,38,49,7,10,77959528
06-07-2021,2,5,21,27,42,9,11,17000000
09-07-2021,6,19,36,37,49,4,11,17000000
13-07-2021,5,6,8,11,22,3,4,26482986
16-07-2021,5,16,42,47,49,3,11,17000000
20-07-2021,3,12,19,41,48,6,9,26211196
23-07-2021,23,24,26,34,50,2,4,38825770
27-07-2021,5,9,19,21,25,10,12,48844837
30-07-2021,10,23,33,35,37,5,10,62793085
03-08-2021,17,21,23,45,46,7,11,72123753
06-08-2021,7,14,21,26,32,4,12,84880433
10-08-2021,9,37,47,48,49,2,7,95302087
13-08-2021,6,12,44,47,49,8,12,113156128
17-08-2021,12,31,41,42,47,4,6,17000000
20-08-2021,3,9,19,20,23,9,11,29593864
24-08-2021,19,21,36,44,50,3,10,39413483
27-08-2021,2,3,31,46,50,8,12,53070091
31-08-2021,5,13,17,32,43,2,10,63644286
03-09-2021,5,7,13,29,35,3,7,17000000
07-09-2021,7,19,35,42,43,7,9,26572332
10-09-2021,1,6,7,18,28,2,8,17000000
14-09-2021,12,18,35,38,45,2,8,26452496
17-09-2021,5,7,8,10,34,1,9,39791600
21-09-2021,20,25,26,30,38,2,8,50323000
24-09-2021,2,12,20,27,41,10,12,130000000
28-09-2021,6,7,12,33,39,1,7,144513199
01-10-2021,1,15,19,26,48,6,12,164139268
05-10-2021,11,13,14,36,45,7,9,180775500
08-10-2021,1,10,23,42,46,3,5,204959523
12-10-2021,6,13,22,45,49,10,11,220000000
15-10-2021,21,26,31,34,49,2,5,220000000
19-10-2021,4,20,36,40,41,1,6,17000000
22-10-2021,12,17,22,33,39,2,12,30765413
26-10-2021,12,15,20,42,44,1,2,41218951
29-10-2021,10,15,28,32,49,3,9,56130474
02-11-2021,2,3,17,29,43,1,4,67114273
05-11-2021,2,12,25,30,41,8,11,80098420
09-11-2021,17,25,26,33,36,1,8,90574742
12-11-2021,2,9,15,47,50,6,9,104804310
16-11-2021,9,19,21,32,36,3,4,116414664
19-11-2021,22,26,38,47,50,2,6,132310193
23-11-2021,17,21,36,42,46,7,10,145091098
26-11-2021,1,20,41,42,50,3,7,162289050
30-11-2021,19,20,26,33,43,1,4,17000000
03-12-2021,21,22,29,32,46,9,10,130000000
07-12-2021,22,31,38,46,47,7,11,143469842
10-12-2021,11,21,33,38,42,2,8,17000000
14-12-2021,19,21,37,47,48,3,6,27297367
17-12-2021,1,2,15,30,35,2,7,41402488
21-12-2021,12,17,21,34,38,2,3,52678478
24-12-2021,2,26,28,34,41,5,10,69443074
28-12-2021,4,6,15,17,29,9,12,79411191
31-12-2021,7,22,25,43,49,6,7,17571602
04-01-2022,18,28,35,36,41,6,11,17000000
07-01-2022,2,14,37,44,50,7,11,30434021
11-01-2022,4,23,32,33,44,9,12,41198749
14-01-2022,6,17,25,31,46,9,12,55802638
18-01-2022,3,12,19,24,30,2,5,67441797
21-01-2022,5,14,35,36,39,7,12,26158375
25-01-2022,6,16,18,39,47,2,4,36602485
28-01-2022,10,25,29,34,45,9,10,51355483
01-02-2022,1,19,36,38,49,6,9,62918725
04-02-2022,3,25,38,43,49,3,7,130000000
08-02-2022,6,20,34,37,43,7,10,17000000
11-02-2022,13,18,38,42,45,7,11,30928078
15-02-2022,9,20,31,33,44,2,12,17000000
18-02-2022,25,38,41,43,50,6,10,30386297
22-02-2022,5,9,14,26,32,3,7,40960814
25-02-2022,10,13,24,30,42,1,5,55111352
01-03-2022,8,24,26,39,42,3,5,65887876
04-03-2022,6,20,40,42,43,10,12,78587957
08-03-2022,12,18,21,25,31,2,9,17000000
11-03-2022,12,19,22,23,48,2,6,30105266
15-03-2022,1,2,12,19,26,2,8,40030704
18-03-2022,1,9,14,17,43,6,12,53651194
22-03-2022,7,17,21,29,40,8,11,17000000
25-03-2022,6,10,24,27,29,5,12,30608285
29-03-2022,8,11,33,42,43,6,11,40310864
01-04-2022,2,7,21,31,45,4,10,54338154
05-04-2022,1,11,13,24,49,5,6,64950730
08-04-2022,1,15,16,38,45,4,11,77113731
12-04-2022,21,30,31,35,47,2,10,86707525
15-04-2022,6,24,30,32,48,5,6,99284232
19-04-2022,2,12,17,28,46,6,10,109726011
22-04-2022,6,11,21,35,36,1,9,125443189
26-04-2022,4,25,28,34,45,8,11,138997634
29-04-2022,10,11,20,36,37,3,7,158670926
03-05-2022,8,20,26,47,48,3,8,174025283
06-05-2022,3,8,18,24,40,3,11,195426739
10-05-2022,3,25,27,28,29,4,9,215840341
13-05-2022,3,11,17,45,48,4,8,17000000
17-05-2022,5,28,30,48,49,5,11,26854990
20-05-2022,8,22,23,32,50,3,9,40361205
24-05-2022,10,13,27,36,37,2,10,50656220
27-05-2022,15,23,28,34,48,3,5,17000000
31-05-2022,3,10,13,42,49,3,9,26862123
03-06-2022,12,28,29,34,48,9,11,40193759
07-06-2022,6,16,17,25,31,2,6,50425091
10-06-2022,17,26,36,37,40,9,12,64382899
14-06-2022,2,7,27,34,40,3,11,17000000
17-06-2022,19,21,22,31,38,7,11,130000000
21-06-2022,6,23,36,39,47,8,10,143671414
24-06-2022,10,17,28,44,50,8,12,161066308
28-06-2022,10,35,42,47,48,2,11,175942220
01-07-2022,6,18,24,34,46,3,12,196414962
05-07-2022,7,10,25,45,48,3,6,215357108
08-07-2022,28,31,35,43,46,4,7,230000000
12-07-2022,14,18,24,25,50,6,11,230000000
15-07-2022,9,17,29,38,39,7,10,230000000
19-07-2022,6,23,27,40,41,2,12,230000000
22-07-2022,16,18,29,32,50,4,11,17000000
26-07-2022,3,5,17,25,27,1,9,27478522
29-07-2022,3,23,38,43,48,3,8,41717625
02-08-2022,7,18,28,40,48,8,11,17000000
05-08-2022,3,29,33,35,44,8,10,30356111
09-08-2022,18,19,21,27,47,5,11,40859540
12-08-2022,14,17,34,35,42,6,10,54932236
16-08-2022,10,14,25,32,39,7,8,65542062
19-08-2022,2,9,13,19,38,2,6,77782771
23-08-2022,19,26,31,39,48,2,3,87739478
26-08-2022,22,23,25,38,44,11,12,101607332
30-08-2022,4,6,10,15,19,1,4,112909220
02-09-2022,7,12,13,20,45,3,12,128491607
06-09-2022,7,10,22,29,44,4,5,17000000
09-09-2022,17,23,24,26,27,4,9,130000000
13-09-2022,9,12,15,40,47,1,11,143363071
16-09-2022,10,27,36,45,49,3,4,160585356
20-09-2022,11,21,23,32,48,3,12,174393431
23-09-2022,14,15,22,35,48,3,8,193007524
27-09-2022,4,20,21,34,44,1,3,17000000
30-09-2022,1,2,11,16,26,3,12,30779317
04-10-2022,3,18,28,42,43,3,12,41404202
07-10-2022,26,27,42,45,50,1,12,55925603
11-10-2022,8,23,32,35,40,1,8,67271821
14-10-2022,24,28,29,34,48,3,7,79886870
18-10-2022,3,5,13,42,48,1,6,89872400
21-10-2022,25,26,28,38,40,1,6,103645225
25-10-2022,7,24,34,39,46,1,6,115163196
28-10-2022,14,16,21,28,35,1,11,130427867
01-11-2022,19,37,42,47,48,1,6,142364827
04-11-2022,2,11,37,45,47,2,3,160788895
08-11-2022,3,5,32,33,50,1,8,17000000
11-11-2022,2,19,24,25,44,2,10,30268879
15-11-2022,13,21,24,31,33,1,12,40593926
18-11-2022,13,16,19,35,41,1,11,54718416
22-11-2022,21,22,24,29,42,3,11,65446418
25-11-2022,19,21,35,37,39,2,6,77861913
29-11-2022,15,20,24,35,38,8,12,87748883
02-12-2022,12,21,35,39,45,6,11,130000000
06-12-2022,12,20,25,26,27,8,12,142897164
09-12-2022,8,27,31,46,50,1,3,17000000
13-12-2022,3,9,12,26,30,10,11,27040539
16-12-2022,2,15,19,35,44,2,7,40613995
20-12-2022,1,11,17,20,27,4,5,51605931
23-12-2022,16,17,23,26,35,5,11,17000000
27-12-2022,19,31,33,34,43,3,5,26956990
30-12-2022,17,34,42,47,48,1,9,17000000
03-01-2023,20,21,29,45,46,3,10,26981449
06-01-2023,16,31,35,44,45,4,12,40092766
10-01-2023,11,13,34,40,42,3,10,51358215
13-01-2023,4,13,25,33,37,5,10,68825114
17-01-2023,18,21,30,46,50,2,6,17000000
20-01-2023,3,6,13,40,42,7,11,30055348
24-01-2023,11,27,41,43,47,7,11,40135672
27-01-2023,8,9,15,19,31,10,12,54426133
31-01-2023,7,12,19,33,43,3,7,66081021
03-02-2023,2,14,17,32,45,3,10,26903914
07-02-2023,2,8,34,44,47,3,9,37368401
10-02-2023,3,13,25,36,47,3,8,51805568
14-02-2023,24,26,38,43,46,2,3,63133766
17-02-2023,8,23,27,42,45,1,9,78038271
21-02-2023,21,22,34,41,49,2,7,87872368
24-02-2023,7,23,34,42,48,1,3,102242065
28-02-2023,12,29,33,37,47,5,10,17000000
03-03-2023,3,6,8,24,50,10,11,130000000
07-03-2023,11,13,24,35,50,6,11,144966361
10-03-2023,9,16,37,38,48,2,7,17000000
14-03-2023,16,26,28,31,46,11,12,27135288
17-03-2023,5,15,26,37,49,8,11,40979052
21-03-2023,1,9,20,29,32,2,3,51752818
24-03-2023,5,12,25,36,46,6,10,66287741
28-03-2023,16,21,34,36,44,9,10,17000000
31-03-2023,16,18,28,34,47,5,10,30291562
04-04-2023,10,16,31,33,50,3,8,40419101
07-04-2023,5,26,28,36,46,6,12,53926196
11-04-2023,10,14,16,19,29,2,10,64268424
14-04-2023,4,11,37,44,49,6,7,76614030
18-04-2023,17,21,23,35,37,10,11,86295887
21-04-2023,7,8,18,33,42,2,8,101652719
25-04-2023,10,29,30,40,45,1,12,113203135
28-04-2023,11,13,16,23,34,1,10,129017022
02-05-2023,7,32,44,47,48,7,8,141358073
05-05-2023,3,8,18,34,49,3,7,159123225
09-05-2023,13,17,21,28,46,7,9,17000000
12-05-2023,9,10,13,39,44,4,6,30501494
16-05-2023,4,6,9,14,37,4,11,40834212
19-05-2023,18,27,34,41,49,3,9,54581705
23-05-2023,5,6,14,23,34,2,11,65331075
26-05-2023,15,25,37,38,41,1,7,77603769
30-05-2023,27,29,32,33,47,2,8,87066382
02-06-2023,3,12,15,25,43,10,11,130000000
06-06-2023,13,21,32,39,50,2,10,17000000
09-06-2023,18,26,36,41,50,11,12,29999077
13-06-2023,15,16,21,41,50,5,6,39998137
16-06-2023,7,26,34,41,44,9,11,53695272
20-06-2023,11,17,28,32,35,5,6,64343648
23-06-2023,1,3,11,33,46,10,11,17000000
27-06-2023,17,22,23,27,44,1,7,26366576
30-06-2023,1,6,25,29,36,7,10,39350951
04-07-2023,14,17,23,36,44,2,8,49799831
07-07-2023,2,11,12,19,38,4,8,63819633
11-07-2023,2,11,28,42,48,4,9,73242322
14-07-2023,5,8,29,35,48,5,6,17000000
18-07-2023,4,12,34,35,45,1,9,26319523
21-07-2023,7,31,33,35,36,7,10,38938247
25-07-2023,5,7,11,27,37,6,12,48942250
28-07-2023,7,32,33,34,38,6,9,62712326
01-08-2023,25,27,35,40,45,7,11,72144196
04-08-2023,15,20,31,44,48,1,3,17000000
08-08-2023,8,9,33,35,40,3,6,26419369
11-08-2023,4,6,10,13,34,3,5,39046910
15-08-2023,3,5,9,32,43,6,10,48439436
18-08-2023,23,25,30,44,47,9,12,61993456
22-08-2023,2,9,23,32,40,6,7,71241834
25-08-2023,16,17,34,35,44,5,10,83895709
29-08-2023,21,23,32,40,49,8,11,94132132
01-09-2023,4,5,35,37,43,5,6,109268140
05-09-2023,1,7,24,41,48,10,12,17000000
08-09-2023,10,20,21,26,33,3,4,29856760
12-09-2023,5,14,36,40,42,2,11,39749427
15-09-2023,12,14,21,45,48,8,11,54951738
19-09-2023,10,15,31,41,42,2,5,17000000
22-09-2023,3,23,24,34,35,5,8,30052281
26-09-2023,2,6,14,19,23,5,7,40110282
29-09-2023,9,11,13,21,32,2,7,130000000
03-10-2023,6,20,22,24,45,4,5,17000000
06-10-2023,21,29,31,34,43,2,9,30163856
10-10-2023,18,20,22,33,43,3,9,40033037
13-10-2023,21,26,28,40,41,2,4,56657304
17-10-2023,10,17,20,35,40,3,4,67318140
20-10-2023,2,20,28,40,45,1,5,17000000
24-10-2023,8,16,18,31,34,6,9,26274769
27-10-2023,29,33,35,48,49,3,8,17000000
31-10-2023,5,7,20,40,50,2,10,17000000
03-11-2023,8,21,31,39,47,5,9,31218086
07-11-2023,8,10,11,30,39,4,10,17000000
10-11-2023,10,21,30,38,42,2,12,29442596
14-11-2023,13,16,36,44,50,3,5,38766955
17-11-2023,2,24,26,46,50,2,7,51871164
21-11-2023,19,29,34,46,47,2,3,61945882
24-11-2023,15,20,29,39,48,1,7,73689177
28-11-2023,12,16,27,33,44,7,8,83068817
01-12-2023,4,10,14,38,50,9,12,200000000
05-12-2023,4,6,20,24,25,5,9,218859088
08-12-2023,17,30,42,48,50,4,8,240000000
12-12-2023,6,28,37,39,43,9,12,17000000
15-12-2023,2,13,37,38,48,5,9,30315474
19-12-2023,10,20,41,43,45,2,12,40468227
22-12-2023,6,14,34,44,49,4,12,55662868
26-12-2023,8,27,30,35,47,9,10,17000000
29-12-2023,2,3,19,36,37,6,9,30547317
02-01-2024,7,15,18,46,49,10,12,40104043
05-01-2024,4,7,18,39,50,3,8,53860693
09-01-2024,2,9,12,39,40,1,3,64655930
12-01-2024,16,17,18,45,49,9,12,78232869
16-01-2024,10,18,21,33,45,8,12,87952574
19-01-2024,27,28,44,48,50,7,12,17000000
23-01-2024,14,23,39,48,50,3,12,17000000
26-01-2024,8,19,32,41,42,9,12,130000000
30-01-2024,5,10,19,27,30,5,6,144549616
02-02-2024,13,20,23,27,42,5,9,17000000
06-02-2024,2,7,21,28,45,5,11,26671243
09-02-2024,23,24,35,37,45,9,12,39863292
13-02-2024,13,17,18,20,46,4,9,50200268
16-02-2024,8,13,14,24,26,1,2,64205788
20-02-2024,23,31,37,42,48,3,7,73448160
23-02-2024,24,27,28,30,49,1,12,17000000
27-02-2024,3,4,9,12,20,5,6,26481832
01-03-2024,4,7,19,20,34,2,4,39478163
05-03-2024,2,15,17,23,36,3,8,49724673
08-03-2024,8,11,12,16,44,4,7,63706419
12-03-2024,13,19,30,38,46,4,12,72905622
15-03-2024,1,4,31,34,40,4,5,130000000
19-03-2024,7,16,18,20,32,1,3,17000000
22-03-2024,8,11,23,32,44,9,10,29416867
26-03-2024,2,13,14,26,29,5,6,38982717
29-03-2024,16,17,35,36,49,1,10,52158877
02-04-2024,1,23,31,36,48,5,8,61841233
05-04-2024,13,18,26,35,37,8,11,73573473
09-04-2024,19,23,26,27,46,2,10,82919693
12-04-2024,2,3,12,16,45,2,11,95455077
16-04-2024,22,29,31,39,46,3,7,106321540
19-04-2024,10,20,40,44,46,1,3,121428317
23-04-2024,6,9,11,32,49,2,10,133997921
26-04-2024,2,20,39,40,47,4,8,152030614
30-04-2024,13,22,24,33,47,1,5,166790050
03-05-2024,6,9,10,30,49,3,4,17000000
07-05-2024,35,36,41,42,45,6,11,26436748
10-05-2024,13,28,29,44,48,4,12,38735491
14-05-2024,2,8,17,28,35,7,9,48748900
17-05-2024,18,31,32,41,46,1,10,17000000
21-05-2024,11,13,14,34,48,7,9,25835023
24-05-2024,9,12,18,22,50,1,3,38150341
28-05-2024,16,18,35,36,41,6,7,47755445
31-05-2024,4,7,16,33,34,7,8,61212842
04-06-2024,6,7,9,14,43,3,4,70207869
07-06-2024,15,16,26,30,37,5,8,130000000
11-06-2024,7,15,34,45,48,7,9,143550510
14-06-2024,2,13,16,24,32,1,7,161234811
18-06-2024,3,11,33,34,36,1,12,176125264
21-06-2024,3,4,7,11,17,3,12,195721466
25-06-2024,14,16,37,45,49,5,7,213887390
28-06-2024,10,16,18,22,35,1,10,17000000
02-07-2024,2,7,34,35,46,6,8,26534528
05-07-2024,11,13,29,31,47,1,11,39132032
09-07-2024,6,15,19,28,39,7,11,17000000
12-07-2024,12,18,24,25,39,8,10,29128125
16-07-2024,2,32,35,36,39,7,8,38567424
19-07-2024,15,22,35,44,48,6,7,52363998
23-07-2024,4,8,10,16,34,4,8,17000000
26-07-2024,4,19,23,35,37,4,8,28649442
30-07-2024,9,25,28,37,38,2,8,17000000
02-08-2024,5,7,12,33,46,3,12,28776998
06-08-2024,1,18,27,41,50,2,12,38085988
09-08-2024,21,23,25,33,44,4,10,50649440
13-08-2024,15,16,39,40,47,1,6,60887191
16-08-2024,15,17,29,45,49,1,10,72769716
20-08-2024,7,10,13,18,26,3,12,81964326
23-08-2024,9,15,24,47,50,8,9,94498718
27-08-2024,1,8,11,42,47,4,11,104936241
30-08-2024,3,24,27,33,42,4,6,119772690
03-09-2024,7,9,11,16,45,2,5,132447715
06-09-2024,12,14,34,41,47,3,4,149017789
10-09-2024,6,29,46,47,48,2,9,17000000
13-09-2024,10,15,17,31,42,4,12,31511704
17-09-2024,20,30,32,41,44,1,10,41391923
20-09-2024,16,25,29,34,37,3,7,54712555
24-09-2024,18,20,21,36,49,3,5,65337927
27-09-2024,7,20,21,27,38,5,12,130000000
01-10-2024,8,22,29,41,42,9,11,143969599
04-10-2024,4,8,16,17,20,1,6,162256512
08-10-2024,7,14,19,34,40,6,8,17000000
11-10-2024,16,23,32,46,49,4,5,29821152
15-10-2024,2,15,32,36,48,3,9,39530015
18-10-2024,4,15,23,30,39,1,12,53040810
22-10-2024,3,13,27,30,46,1,2,63353583
25-10-2024,4,17,20,25,45,8,9,76313062
29-10-2024,1,2,19,30,45,10,12,85747959
01-11-2024,7,33,38,44,50,2,7,98005009
05-11-2024,1,8,19,37,50,6,9,109544201
08-11-2024,2,33,35,42,48,1,3,124837601
12-11-2024,10,11,12,22,50,1,10,137211026
15-11-2024,7,8,34,39,44,2,6,153801395
19-11-2024,4,13,20,28,49,7,12,167885088
22-11-2024,10,11,12,29,31,8,11,194669133
26-11-2024,7,11,25,31,40,9,12,212448937
29-11-2024,8,17,18,29,43,5,9,17000000
03-12-2024,23,25,34,46,47,6,8,27018617
06-12-2024,14,25,39,44,47,6,10,40367384
10-12-2024,5,24,25,29,47,5,9,50987545
13-12-2024,1,15,25,42,50,4,10,67852509
17-12-2024,1,3,4,21,29,2,7,77557137
20-12-2024,10,14,21,33,50,6,9,17000000
24-12-2024,6,10,16,23,24,11,12,28754036
27-12-2024,12,22,27,33,45,4,8,41205363
31-12-2024,19,24,26,28,33,8,12,17000000
03-01-2025,3,19,29,35,37,1,9,29139979
07-01-2025,20,33,35,41,47,4,12,39138031
10-01-2025,12,27,36,37,42,6,7,52905618
14-01-2025,18,20,29,41,48,5,9,63894652
17-01-2025,8,15,24,35,42,6,8,76208290
21-01-2025,6,8,14,27,41,4,5,85948097
24-01-2025,2,11,19,30,49,3,8,99397573
28-01-2025,9,37,41,42,49,1,9,17000000
31-01-2025,22,30,41,44,49,2,7,29691765
04-02-2025,3,4,29,39,43,5,10,39688311
07-02-2025,10,23,24,29,45,8,10,53335818
11-02-2025,3,21,36,41,46,1,6,64222634
14-02-2025,4,14,31,36,38,3,10,78450739
18-02-2025,5,14,25,26,40,5,7,17000000
21-02-2025,1,3,11,20,43,2,11,29270259
25-02-2025,17,22,23,24,44,6,11,38919455
28-02-2025,7,16,31,43,46,5,9,52448674
04-03-2025,15,20,29,35,42,2,9,17000000
07-03-2025,6,10,27,32,48,3,8,130000000
11-03-2025,13,36,37,42,47,7,11,144588956
14-03-2025,8,10,33,35,49,2,9,163297044
18-03-2025,4,9,35,46,50,8,11,179328993
21-03-2025,9,17,18,21,50,5,12,200584076
25-03-2025,1,3,18,33,36,2,6,220427177
28-03-2025,10,21,30,42,45,1,9,250000000
01-04-2025,9,24,30,46,49,4,12,17000000
04-04-2025,27,39,41,45,50,5,7,30117535
08-04-2025,3,14,15,48,49,1,7,17000000
11-04-2025,14,28,34,46,49,3,8,29653056
15-04-2025,3,31,33,38,44,6,12,39576503
18-04-2025,20,27,35,39,48,3,8,52448887
22-04-2025,7,28,33,37,47,9,12,62465228
25-04-2025,13,22,32,39,41,1,12,74400108
29-04-2025,2,9,24,30,41,1,11,83786487
02-05-2025,3,5,19,21,49,1,10,97254382
06-05-2025,8,23,24,47,48,4,9,108197286
09-05-2025,15,18,25,29,47,5,9,123011264
13-05-2025,9,19,44,47,50,2,9,135332717
16-05-2025,6,9,25,37,46,6,12,151408194
20-05-2025,1,8,13,29,47,5,6,164911120
23-05-2025,10,29,43,46,49,7,12,182346242
27-05-2025,12,30,38,40,41,4,12,198011280
30-05-2025,4,7,14,33,36,1,5,218316096
03-06-2025,12,15,38,47,48,5,7,238816942
06-06-2025,20,21,29,30,35,2,12,250000000
10-06-2025,19,36,39,40,45,5,6,250000000
13-06-2025,2,28,40,43,45,3,7,250000000
17-06-2025,13,22,23,44,49,3,5,250000000
20-06-2025,5,8,24,37,47,3,9,0
24-06-2025,7,16,21,23,39,7,11,26938273
27-06-2025,19,27,36,45,49,7,10,40322654
01-07-2025,1,17,28,32,34,7,8,51016731
04-07-2025,19,29,42,45,48,5,7,64874337
08-07-2025,1,8,9,18,50,1,5,74533673
11-07-2025,8,23,24,45,49,2,10,86799585
15-07-2025,24,38,41,45,49,1,6,96858365
18-07-2025,13,19,25,42,45,2,9,111646530
22-07-2025,8,15,26,33,41,9,10,123233143
25-07-2025,6,7,23,32,36,11,12,137766680
29-07-2025,5,6,42,44,46,4,8,150232733
01-08-2025,4,16,25,29,30,2,10,166241768
05-08-2025,1,3,5,42,47,5,10,179818189
08-08-2025,2,12,19,34,44,6,10,197504622
12-08-2025,18,28,42,46,48,3,9,213114756
15-08-2025,13,30,35,36,40,2,6,232174804
19-08-2025,24,31,34,41,43,6,8,250000000
22-08-2025,6,9,12,30,39,4,10,17000000
26-08-2025,2,14,38,42,45,10,11,26800624
29-08-2025,6,9,10,13,37,1,7,40112808
02-09-2025,13,30,31,32,36,1,12,51026993
05-09-2025,27,30,31,41,43,5,8,65278573
09-09-2025,3,13,24,39,40,2,8,17000000
12-09-2025,5,10,23,31,37,3,11,29758912
16-09-2025,1,9,13,35,40,5,6,39929184
19-09-2025,8,10,26,32,42,9,12,53344251
23-09-2025,11,13,24,29,33,2,5,64176450
26-09-2025,4,17,25,28,44,5,11,130000000
30-09-2025,3,8,15,17,48,2,8,17000000
03-10-2025,6,12,18,25,41,2,6,29922038
07-10-2025,24,39,42,43,48,5,8,17000000
10-10-2025,6,7,17,20,21,1,10,29671390
14-10-2025,5,8,14,16,18,3,10,17000000
17-10-2025,13,35,39,44,47,3,5,29398730
21-10-2025,5,24,29,40,42,6,12,39082377
24-10-2025,7,8,25,31,45,7,12,52225106
28-10-2025,7,8,24,35,49,2,12,62577973
31-10-2025,5,14,38,43,45,7,11,75635350
04-11-2025,6,9,25,28,45,1,4,85169986
07-11-2025,11,21,39,40,43,2,8,98027155
11-11-2025,4,22,32,36,47,2,10,108416075
14-11-2025,9,26,27,45,48,8,9,122611491
18-11-2025,2,4,15,21,48,6,12,134404955
21-11-2025,17,19,29,35,48,5,9,149510047
25-11-2025,6,11,17,35,44,3,7,162134413
28-11-2025,5,29,33,39,42,3,9,178656733
02-12-2025,4,13,14,20,41,6,12,17000000
05-12-2025,9,15,25,34,46,8,12,130000000
09-12-2025,2,8,13,29,49,2,11,142433804
12-12-2025,7,25,30,37,41,5,11,17000000
16-12-2025,14,16,40,41,44,2,10,17000000
19-12-2025,17,21,39,43,44,1,11,29984493
23-12-2025,8,26,27,29,44,11,12,41432000
26-12-2025,12,22,32,36,48,3,4,54026007
30-12-2025,11,26,29,34,44,1,10,17000000
02-01-2026,8,27,42,44,46,1,10,30879489
06-01-2026,5,14,17,18,31,10,12,40421786
09-01-2026,1,7,10,26,34,2,4,53787880
13-01-2026,6,10,18,44,47,2,10,64537877
16-01-2026,5,17,24,29,50,5,10,77334734
20-01-2026,11,18,19,22,50,1,11,86841907
23-01-2026,4,5,13,21,42,3,10,99679548
27-01-2026,4,23,42,43,47,3,9,109599909
30-01-2026,14,18,31,35,46,7,11,123555827
03-02-2026,26,27,28,34,37,4,9,17000000
06-02-2026,10,13,20,23,24,6,11,29158205
10-02-2026,1,17,19,34,42,5,8,38673992
13-02-2026,9,13,31,37,40,6,9,53818195
17-02-2026,1,4,6,10,41,5,12,64273805
20-02-2026,13,24,28,33,35,5,9,130000000
24-02-2026,10,27,40,43,47,6,10,142871092
27-02-2026,14,24,27,39,42,6,10,159922317
03-03-2026,6,7,24,34,50,5,7,174135421
06-03-2026,15,16,19,28,37,6,9,192898115
10-03-2026,12,14,27,44,50,4,12,209527211
13-03-2026,13,17,26,41,48,4,10,17000000
17-03-2026,5,17,28,33,41,3,9,26669837
20-03-2026,5,12,16,37,46,8,10,39347116
24-03-2026,12,16,17,18,27,1,3,49282215
27-03-2026,4,10,43,44,48,2,4,62831919
